Timestamp,User Count,Type,Name,Requests/s,Failures/s,50%,66%,75%,80%,90%,95%,98%,99%,99.9%,99.99%,100%,Total Request Count,Total Failure Count,Total Median Response Time,Total Average Response Time,Total Min Response Time,Total Max Response Time,Total Average Content Size
1790897179,0,,Aggregated,0.000000,0.000000,N/A,N/A,N/A,N/A,N/A,N/A,N/A,N/A,N/A,N/A,N/A,0,0,0,0.0,0,0,0
1790897180,10,GET,/,0.000000,0.000000,0,0,0,0,0,0,0,0,0,0,0,1,0,542.0815990000847,542.0815990000847,542.0815990000847,542.0815990000847,100.0
1790897180,10,GET,/cpu,0.000000,0.000000,0,0,0,0,0,0,0,0,0,0,0,2,0,629.04048900009,586.6871360001369,544.3337830001838,629.04048900009,46.0
1790897180,10,GET,/items,0.000000,0.000000,0,0,0,0,0,0,0,0,0,0,0,5,0,630,677.8373557999657,554.5014729996183,949.8929770002178,2128.0
1790897180,10,GET,/items/[id],0.000000,0.000000,0,0,0,0,0,0,0,0,0,0,0,1,0,545.8660190001865,545.8660190001865,545.8660190001865,545.8660190001865,43.0
1790897180,10,,Aggregated,0.000000,0.000000,0,0,0,0,0,0,0,0,0,0,0,9,0,620,627.8342965555971,542.0815990000847,949.8929770002178,1208.3333333333333
1790897181,20,GET,/,0.000000,0.000000,480,480,490,490,490,490,490,490,490,490,490,4,0,490,491.9208162500581,457.303660999969,542.0815990000847,100.75
1790897181,20,GET,/cpu,0.000000,0.000000,630,630,630,630,630,630,630,630,630,630,630,2,0,629.04048900009,586.6871360001369,544.3337830001838,629.04048900009,46.0
1790897181,20,GET,/items,0.000000,0.000000,490,490,910,910,950,950,950,950,950,950,950,11,0,550,559.3909809091118,285.6154979999701,949.8929770002178,2128.0
1790897181,20,GET,/items/[id],0.000000,0.000000,490,670,810,810,1000,1000,1000,1000,1000,1000,1000,9,0,490,555.1396745556,266.27265899969643,1011.2356719996569,42.666666666666664
1790897181,20,,Aggregated,0.000000,0.000000,490,490,670,810,950,1000,1000,1000,1000,1000,1000,26,0,540,549.6390537692745,266.27265899969643,1011.2356719996569,934.1153846153846
1790897182,30,GET,/,1.000000,0.000000,480,480,490,490,490,490,490,490,490,490,490,5,0,480,447.84549620007965,271.54421600016576,542.0815990000847,100.6
1790897182,30,GET,/cpu,2.000000,0.000000,540,540,630,630,630,630,630,630,630,630,630,3,0,540,484.3974903334735,279.8181990001467,629.04048900009,46.0
1790897182,30,GET,/items,4.000000,0.000000,480,490,550,650,910,950,950,950,950,950,950,24,0,490,497.75139533333385,278.65792400007194,949.8929770002178,2128.0
1790897182,30,GET,/items/[id],1.000000,0.000000,470,490,810,810,870,1000,1000,1000,1000,1000,1000,13,0,470,531.5588834615972,266.27265899969643,1011.2356719996569,42.76923076923077
1790897182,30,,Aggregated,8.000000,0.000000,480,490,490,650,870,950,1000,1000,1000,1000,1000,45,0,490,501.0826427778132,266.27265899969643,1011.2356719996569,1161.5333333333333
1790897183,40,GET,/,2.000000,0.000000,430,460,480,480,490,490,490,490,490,490,490,8,0,460,422.64369262494483,271.54421600016576,542.0815990000847,100.75
1790897183,40,GET,/cpu,1.000000,0.000000,540,540,620,620,630,630,630,630,630,630,630,6,0,540,484.4054041667126,279.8181990001467,629.04048900009,46.0
1790897183,40,GET,/items,4.000000,0.000000,480,490,550,620,710,930,950,950,950,950,950,35,0,480,488.9182122571713,275.81413999996585,949.8929770002178,2128.0
1790897183,40,GET,/items/[id],2.500000,0.000000,440,460,490,620,810,870,1000,1000,1000,1000,1000,23,0,440,452.4125858695737,252.68114600021363,1011.2356719996569,42.608695652173914
1790897183,40,,Aggregated,9.500000,0.000000,450,490,520,620,710,910,950,1000,1000,1000,1000,72,0,460,469.5167898611254,252.68114600021363,1011.2356719996569,1063.0833333333333
1790897184,50,GET,/,1.666667,0.000000,350,460,460,460,480,490,490,490,490,490,490,14,0,430,384.92365171418896,255.41149099990434,542.0815990000847,100.85714285714286
1790897184,50,GET,/cpu,1.000000,0.000000,540,540,620,620,630,630,630,630,630,630,630,7,0,540,457.47218085723165,279.8181990001467,629.04048900009,46.0
1790897184,50,GET,/items,7.333333,0.000000,450,480,490,490,670,910,950,950,950,950,950,50,0,460,447.54443439999704,275.81413999996585,949.8929770002178,2128.0
1790897184,50,GET,/items/[id],3.666667,0.000000,310,460,470,620,810,870,1000,1000,1000,1000,1000,34,0,320,434.7882492058542,252.68114600021363,1011.2356719996569,42.529411764705884
1790897184,50,,Aggregated,13.666667,0.000000,350,460,480,490,670,870,950,1000,1000,1000,1000,105,0,440,435.7262722190302,252.68114600021363,1011.2356719996569,1043.6190476190477
1790897185,60,GET,/,2.000000,0.000000,400,460,460,460,490,680,680,680,680,680,680,17,0,400,395.8442707646421,255.41149099990434,676.0903150002378,100.88235294117646
1790897185,60,GET,/cpu,1.500000,0.000000,540,560,620,620,630,640,640,640,640,640,640,11,0,540,464.4992790910113,279.8181990001467,643.2131020001179,46.0
1790897185,60,GET,/items,8.000000,0.000000,450,480,490,550,720,730,930,950,950,950,950,67,0,460,455.5504267014948,275.81413999996585,949.8929770002178,2128.0
1790897185,60,GET,/items/[id],5.500000,0.000000,310,460,510,610,720,850,870,1000,1000,1000,1000,52,0,320,426.1642706730719,252.68114600021363,1011.2356719996569,42.5
1790897185,60,,Aggregated,17.000000,0.000000,360,460,490,560,710,810,930,950,1000,1000,1000,147,0,400,438.920172360544,252.68114600021363,1011.2356719996569,1000.047619047619
1790897186,70,GET,/,2.600000,0.000000,360,460,460,480,680,900,900,900,900,900,900,20,0,400,412.2528474499404,255.41149099990434,901.2284000000363,100.85
1790897186,70,GET,/cpu,1.200000,0.000000,370,540,560,620,630,640,640,640,640,640,640,15,0,370,439.6725202000501,279.8181990001467,643.2131020001179,46.0
1790897186,70,GET,/items,9.400000,0.000000,350,460,490,490,710,730,930,950,950,950,950,81,0,370,433.64435119752835,267.09384400010094,949.8929770002178,2128.0
1790897186,70,GET,/items/[id],6.200000,0.000000,300,440,460,510,670,810,870,1000,1000,1000,1000,66,0,310,405.0712859999762,252.68114600021363,1011.2356719996569,42.42424242424242
1790897186,70,,Aggregated,19.400000,0.000000,340,460,480,490,670,730,910,950,1000,1000,1000,182,0,350,421.42880260987806,252.68114600021363,1011.2356719996569,977.3351648351648
1790897187,80,GET,/,2.833333,0.000000,430,460,490,610,680,900,990,990,990,990,990,25,0,430,455.6500169199535,255.41149099990434,994.4182809999802,100.8
1790897187,80,GET,/cpu,1.666667,0.000000,560,660,700,710,840,1000,1400,1400,1400,1400,1400,23,0,560,583.0093811304639,279.8181990001467,1399.6187470002042,46.0
1790897187,80,GET,/items,10.000000,0.000000,460,520,630,670,850,950,990,1300,1300,1300,1300,101,0,460,496.1883039801873,267.09384400010094,1319.3132519995743,2128.0
1790897187,80,GET,/items/[id],8.000000,0.000000,320,450,500,610,810,870,1000,1200,1200,1200,1200,71,0,320,435.02509123940604,252.68114600021363,1214.6152399996026,42.38028169014085
1790897187,80,,Aggregated,22.500000,0.000000,440,490,620,660,810,950,1000,1200,1400,1400,1400,220,0,450,480.91939258634665,252.68114600021363,1399.6187470002042,1006.8863636363636
1790897188,90,GET,/,2.714286,0.000000,470,640,730,870,920,1000,1200,1200,1200,1200,1200,35,0,470,558.8974403999861,255.41149099990434,1195.0610270000652,100.82857142857142
1790897188,90,GET,/cpu,2.000000,0.000000,630,690,760,840,1000,1200,1400,1400,1400,1400,1400,27,0,630,640.0666659259413,279.8181990001467,1399.6187470002042,46.0
1790897188,90,GET,/items,11.571429,0.000000,490,670,770,890,960,990,1100,1100,1300,1300,1300,134,0,500,575.8821277761194,267.09384400010094,1319.3132519995743,2128.0
1790897188,90,GET,/items/[id],9.285714,0.000000,370,490,640,730,860,910,1100,1200,1200,1200,1200,87,0,370,480.589774022953,252.68114600021363,1214.6152399996026,42.40229885057471
1790897188,90,,Aggregated,25.571429,0.000000,470,640,730,820,940,1000,1100,1200,1400,1400,1400,283,0,480,550.61033871377,252.68114600021363,1399.6187470002042,1037.4982332155478
1790897189,100,GET,/,2.750000,0.000000,460,640,860,890,920,1000,1200,1200,1200,1200,1200,40,0,470,563.1749569499789,255.41149099990434,1195.0610270000652,100.825
1790897189,100,GET,/cpu,2.500000,0.000000,640,700,840,960,1000,1200,1400,1400,1400,1400,1400,32,0,640,659.2570310312738,279.8181990001467,1399.6187470002042,46.0
1790897189,100,GET,/items,11.500000,0.000000,490,650,730,880,950,990,1100,1100,1300,1300,1300,154,0,490,564.315745038968,267.09384400010094,1319.3132519995743,2128.0
1790897189,100,GET,/items/[id],8.625000,0.000000,370,470,620,730,870,910,1000,1100,1200,1200,1200,102,0,370,477.502236235269,252.68114600021363,1214.6152399996026,42.38235294117647
1790897189,100,,Aggregated,25.375000,0.000000,460,630,730,820,940,1000,1100,1200,1400,1400,1400,328,0,470,546.4423051920689,252.68114600021363,1399.6187470002042,1029.0853658536585
1790897190,110,GET,/,3.555556,0.000000,470,680,860,890,920,1000,1200,1200,1200,1200,1200,43,0,480,572.4691857441601,255.41149099990434,1195.0610270000652,100.83720930232558
1790897190,110,GET,/cpu,3.000000,0.000000,690,840,960,1000,1200,1400,1400,1400,1400,1400,1400,39,0,690,727.7466981282511,279.8181990001467,1440.2025240001421,46.0
1790897190,110,GET,/items,13.444444,0.000000,510,690,820,900,990,1100,1300,1400,1500,1500,1500,168,0,510,597.631547678583,267.09384400010094,1470.9092709999823,2128.0
1790897190,110,GET,/items/[id],8.666667,0.000000,370,510,700,780,900,920,1100,1200,1400,1400,1400,107,0,390,499.710492308389,252.68114600021363,1411.2399280002137,42.39252336448598
1790897190,110,,Aggregated,28.666667,0.000000,480,690,800,880,990,1100,1400,1400,1500,1500,1500,357,0,490,579.4661593865559,252.68114600021363,1470.9092709999823,1031.2885154061626
1790897191,120,GET,/,3.700000,0.000000,680,870,920,1000,1200,1500,1600,1600,1600,1600,1600,56,0,640,698.055084910696,255.41149099990434,1620.399199000076,100.875
1790897191,120,GET,/cpu,2.900000,0.000000,760,990,1000,1200,1400,1400,1700,1700,1700,1700,1700,44,0,710,803.4375245682257,279.8181990001467,1679.4462830002885,46.0
1790897191,120,GET,/items,15.200000,0.000000,650,880,960,1000,1400,1500,1600,1600,1900,1900,1900,203,0,620,704.5005724039452,267.09384400010094,1926.5378430000055,2128.0
1790897191,120,GET,/items/[id],9.800000,0.000000,490,800,920,1100,1400,1500,1700,1800,1900,1900,1900,135,0,480,659.9277922740637,252.68114600021363,1879.308327000217,42.39259259259259
1790897191,120,,Aggregated,31.600000,0.000000,640,870,970,1000,1400,1500,1600,1700,1900,1900,1900,438,0,620,699.8771780616448,252.68114600021363,1926.5378430000055,1016.8493150684932
1790897192,130,GET,/,4.200000,0.000000,680,890,920,1000,1200,1500,1600,1600,1600,1600,1600,57,0,630,695.5943431754238,255.41149099990434,1620.399199000076,100.85964912280701
1790897192,130,GET,/cpu,3.400000,0.000000,800,990,1100,1200,1400,1600,1700,1700,1700,1700,1700,48,0,760,822.4307104166922,279.8181990001467,1679.4462830002885,46.0
1790897192,130,GET,/items,15.800000,0.000000,710,920,1000,1100,1400,1500,1600,1600,1900,1900,1900,228,0,630,726.1557207675571,267.09384400010094,1926.5378430000055,2128.0
1790897192,130,GET,/items/[id],10.400000,0.000000,580,860,1000,1100,1400,1500,1700,1800,1900,1900,1900,149,0,490,673.0084092080461,252.68114600021363,1879.308327000217,42.41610738255034
1790897192,130,,Aggregated,33.800000,0.000000,690,910,1000,1100,1400,1500,1600,1700,1900,1900,1900,482,0,620,715.6998111369339,252.68114600021363,1926.5378430000055,1036.2261410788383
1790897193,140,GET,/,4.800000,0.000000,770,900,990,1000,1200,1500,1600,1600,1600,1600,1600,64,0,680,711.9987897187344,255.41149099990434,1620.399199000076,100.84375
1790897193,140,GET,/cpu,4.100000,0.000000,880,1100,1100,1200,1400,1600,1700,1700,1700,1700,1700,53,0,800,847.4328738302061,279.8181990001467,1679.4462830002885,46.0
1790897193,140,GET,/items,17.900000,0.000000,730,940,1000,1100,1400,1500,1600,1600,1900,1900,1900,257,0,660,738.6117277276433,267.09384400010094,1926.5378430000055,2128.0
1790897193,140,GET,/items/[id],12.000000,0.000000,680,890,1000,1100,1400,1500,1700,1800,1900,1900,1900,164,0,560,681.7812077560973,252.68114600021363,1879.308327000217,42.451219512195124
1790897193,140,,Aggregated,38.800000,0.000000,750,920,1000,1100,1400,1500,1600,1700,1900,1900,1900,538,0,660,728.8423735185952,252.68114600021363,1926.5378430000055,1046.003717472119
1790897194,150,GET,/,5.200000,0.000000,860,920,1000,1000,1200,1600,1600,1600,1600,1600,1600,68,0,730,733.2620987205688,255.41149099990434,1620.399199000076,100.80882352941177
1790897194,150,GET,/cpu,4.400000,0.000000,990,1100,1300,1400,1600,1700,2000,2000,2000,2000,2000,60,0,880,915.4434694500272,279.8181990001467,1980.7160549999026,46.0
1790897194,150,GET,/items,20.300000,0.000000,880,1000,1100,1200,1500,1600,1600,1900,1900,1900,1900,293,0,730,798.410896030735,267.09384400010094,1928.9435790001335,2128.0
1790897194,150,GET,/items/[id],13.600000,0.000000,810,990,1100,1300,1400,1500,1700,1800,1900,1900,1900,177,0,610,718.6235906045159,252.68114600021363,1879.308327000217,42.44632768361582
1790897194,150,,Aggregated,43.500000,0.000000,870,1000,1100,1200,1400,1600,1600,1900,2000,2000,2000,598,0,720,779.1290952408114,252.68114600021363,1980.7160549999026,1071.2909698996655
1790897195,150,GET,/,5.300000,0.000000,870,940,1000,1100,1400,1600,1600,1600,1600,1600,1600,70,0,750,751.7742790856964,255.41149099990434,1620.399199000076,100.8
1790897195,150,GET,/cpu,4.700000,0.000000,1100,1300,1400,1400,1700,1900,2000,2200,2200,2200,2200,65,0,950,981.6906786000241,279.8181990001467,2153.4232220001286,46.0
1790897195,150,GET,/items,21.600000,0.000000,970,1100,1300,1400,1600,1700,2000,2000,2400,2400,2400,321,0,800,865.5156403458133,267.09384400010094,2445.7007270002578,2128.0
1790897195,150,GET,/items/[id],13.900000,0.000000,910,1100,1300,1400,1500,1700,1900,1900,1900,1900,1900,186,0,670,763.5271649193504,252.68114600021363,1944.461562000015,42.45161290322581
1790897195,150,,Aggregated,45.500000,0.000000,940,1100,1300,1400,1600,1700,1900,2000,2400,2400,2400,642,0,780,835.3281415436223,252.68114600021363,2445.7007270002578,1091.9470404984424
1790897196,150,GET,/,5.500000,0.000000,890,1000,1200,1200,1500,1600,1800,1900,1900,1900,1900,73,0,750,789.7379035068348,255.41149099990434,1934.5910840002034,100.78082191780823
1790897196,150,GET,/cpu,5.100000,0.000000,1200,1400,1500,1700,1800,1900,2200,2200,2200,2200,2200,70,0,990,1030.9467976571732,279.8181990001467,2153.4232220001286,46.0
1790897196,150,GET,/items,24.000000,0.000000,1000,1300,1400,1500,1700,1800,2000,2000,2400,2400,2400,339,0,860,903.956497215359,267.09384400010094,2445.7007270002578,2128.0
1790897196,150,GET,/items/[id],14.300000,0.000000,1100,1300,1400,1500,1800,1900,2000,2000,2000,2000,2000,213,0,800,867.5133382206475,252.68114600021363,2007.3224389998359,42.47417840375587
1790897196,150,,Aggregated,48.900000,0.000000,1000,1300,1400,1500,1700,1900,2000,2000,2400,2400,2400,695,0,840,893.5809156676333,252.68114600021363,2445.7007270002578,1066.2100719424461
1790897197,150,GET,/,5.100000,0.000000,940,1200,1400,1500,1600,1800,2000,2000,2000,2000,2000,76,0,770,824.6200994868308,255.41149099990434,1954.5744740003101,100.78947368421052
1790897197,150,GET,/cpu,5.300000,0.000000,1300,1600,1700,1800,2100,2200,2500,2500,2500,2500,2500,76,0,1000,1116.4017946710876,279.8181990001467,2472.929466000096,46.0
1790897197,150,GET,/items,25.300000,0.000000,1100,1400,1500,1600,1800,2000,2100,2400,2400,2400,2400,362,0,910,966.7061886270918,267.09384400010094,2445.7007270002578,2128.0
1790897197,150,GET,/items/[id],13.300000,0.000000,1300,1400,1500,1600,1900,1900,2000,2000,2200,2200,2200,231,0,860,931.0409808614601,252.68114600021363,2184.178557999985,42.44155844155844
1790897197,150,,Aggregated,49.000000,0.000000,1100,1400,1500,1600,1900,2000,2100,2300,2500,2500,2500,745,0,890,956.423853446987,252.68114600021363,2472.929466000096,1062.1422818791946
1790897198,150,GET,/,5.300000,0.000000,1000,1400,1600,1600,1700,1800,2000,2000,2000,2000,2000,81,0,790,877.0810276789998,255.41149099990434,1954.5744740003101,100.79012345679013
1790897198,150,GET,/cpu,5.400000,0.000000,1400,1700,1800,2000,2100,2200,2200,2500,2500,2500,2500,82,0,1100,1172.8998744390594,279.8181990001467,2472.929466000096,46.0
1790897198,150,GET,/items,25.400000,0.000000,1400,1500,1700,1700,2000,2100,2300,2400,2400,2400,2400,383,0,940,1019.9036757310882,267.09384400010094,2445.7007270002578,2128.0
1790897198,150,GET,/items/[id],13.400000,0.000000,1300,1500,1600,1700,1900,1900,2000,2000,2200,2200,2200,242,0,900,963.4283446156896,252.68114600021363,2184.178557999985,42.46694214876033
1790897198,150,,Aggregated,49.500000,0.000000,1300,1500,1700,1700,1900,2100,2200,2300,2500,2500,2500,788,0,920,1003.7996448578735,252.68114600021363,2472.929466000096,1062.483502538071
1790897199,150,GET,/,5.200000,0.000000,1300,1600,1600,1600,1800,1900,2100,2100,2100,2100,2100,84,0,860,911.3232146190362,255.41149099990434,2058.0398090000926,100.78571428571429
1790897199,150,GET,/cpu,5.400000,0.000000,1600,1800,1900,2000,2100,2200,2200,2500,2500,2500,2500,87,0,1100,1207.6635915977356,279.8181990001467,2472.929466000096,46.0
1790897199,150,GET,/items,26.400000,0.000000,1400,1600,1700,1800,2000,2100,2300,2400,2400,2400,2400,409,0,980,1062.2328030391368,267.09384400010094,2445.7007270002578,2128.0
1790897199,150,GET,/items/[id],15.300000,0.000000,1400,1600,1700,1800,1900,2000,2200,2200,2200,2200,2200,253,0,920,1006.2475666482077,252.68114600021363,2246.895049000159,42.47430830039526
1790897199,150,,Aggregated,52.300000,0.000000,1400,1600,1700,1800,2000,2100,2200,2300,2500,2500,2500,833,0,960,1045.2001600264161,252.68114600021363,2472.929466000096,1072.7082833133254
1790897200,150,GET,/,4.600000,0.000000,1500,1600,1700,1800,1900,2000,2100,2100,2100,2100,2100,91,0,870,966.5962541977916,255.41149099990434,2058.0398090000926,100.79120879120879
1790897200,150,GET,/cpu,5.200000,0.000000,1700,1900,2000,2000,2100,2200,2500,2500,2500,2500,2500,92,0,1200,1246.9118536522055,279.8181990001467,2472.929466000096,46.0
1790897200,150,GET,/items,25.700000,0.000000,1500,1700,1800,1900,2100,2200,2300,2400,2400,2400,2400,438,0,1000,1112.8338183196547,267.09384400010094,2445.7007270002578,2128.0
1790897200,150,GET,/items/[id],15.800000,0.000000,1500,1700,1900,1900,2000,2200,2200,2200,2200,2200,2200,275,0,1100,1066.6307467999895,252.68114600021363,2246.895049000159,42.49454545454545
1790897200,150,,Aggregated,51.300000,0.000000,1500,1700,1800,1900,2000,2200,2200,2400,2500,2500,2500,896,0,1000,1097.5678766317046,252.68114600021363,2472.929466000096,1068.252232142857
1790897201,150,GET,/,4.500000,0.000000,1600,1700,1800,1900,2000,2000,2100,2100,2100,2100,2100,95,0,900,1003.1884623999856,255.41149099990434,2058.0398090000926,100.77894736842106
1790897201,150,GET,/cpu,5.400000,0.000000,1700,1900,2000,2000,2200,2300,2500,2500,2500,2500,2500,96,0,1300,1278.807550583366,279.8181990001467,2543.327893999958,46.0
1790897201,150,GET,/items,24.900000,0.000000,1600,1700,1900,1900,2100,2200,2300,2400,2400,2400,2400,469,0,1100,1148.3788264563068,267.09384400010094,2445.7007270002578,2128.0
1790897201,150,GET,/items/[id],14.900000,0.000000,1600,1800,1900,1900,2000,2200,2200,2200,2200,2200,2200,289,0,1100,1090.403614847741,252.68114600021363,2246.895049000159,42.50173010380623
1790897201,150,,Aggregated,49.700000,0.000000,1600,1800,1900,1900,2100,2200,2300,2400,2500,2500,2500,949,0,1100,1129.3832909199227,252.68114600021363,2543.327893999958,1079.3519494204427
1790897202,150,GET,/,4.500000,0.000000,1600,1700,1800,1900,2000,2000,2100,2100,2100,2100,2100,100,0,920,1020.5962211299858,255.41149099990434,2058.0398090000926,100.79
1790897202,150,GET,/cpu,5.400000,0.000000,1900,2000,2000,2100,2200,2300,2500,2500,2500,2500,2500,101,0,1300,1303.0832037822017,279.8181990001467,2543.327893999958,46.0
1790897202,150,GET,/items,26.700000,0.000000,1700,1800,1900,1900,2100,2200,2300,2400,2400,2400,2400,498,0,1100,1169.7631229277295,267.09384400010094,2445.7007270002578,2128.0
1790897202,150,GET,/items/[id],16.500000,0.000000,1600,1800,1900,1900,2000,2200,2200,2200,2200,2200,2200,302,0,1200,1105.3526850529722,252.68114600021363,2246.895049000159,42.49337748344371
1790897202,150,,Aggregated,53.100000,0.000000,1600,1800,1900,1900,2100,2200,2300,2400,2500,2500,2500,1001,0,1100,1148.8806911078998,252.68114600021363,2543.327893999958,1086.2157842157842
1790897203,150,GET,/,4.300000,0.000000,1600,1700,1800,1900,2000,2000,2100,2100,2100,2100,2100,103,0,920,1025.5198170485285,255.41149099990434,2058.0398090000926,100.77669902912622
1790897203,150,GET,/cpu,5.000000,0.000000,1900,2000,2000,2100,2200,2300,2500,2500,2500,2500,2500,107,0,1300,1320.4343851588987,279.8181990001467,2543.327893999958,46.0
1790897203,150,GET,/items,27.400000,0.000000,1700,1800,1900,1900,2100,2200,2300,2400,2400,2400,2400,524,0,1200,1181.350203551545,267.09384400010094,2445.7007270002578,2128.0
1790897203,150,GET,/items/[id],16.200000,0.000000,1600,1800,1900,1900,2000,2200,2200,2200,2200,2200,2200,309,0,1100,1108.0480872944897,252.68114600021363,2246.895049000159,42.50485436893204
1790897203,150,,Aggregated,52.900000,0.000000,1700,1800,1900,1900,2100,2200,2300,2400,2500,2500,2500,1043,0,1200,1158.5133135215797,252.68114600021363,2543.327893999958,1096.3643336529242
1790897204,150,GET,/,4.100000,0.000000,1700,1900,1900,2000,2100,2200,2500,2500,2500,2500,2500,109,0,950,1081.47139009173,255.41149099990434,2532.7416840000296,100.78899082568807
1790897204,150,GET,/cpu,5.300000,0.000000,1900,2000,2000,2100,2300,2500,2600,2600,2600,2600,2600,112,0,1400,1352.5518066696643,279.8181990001467,2646.909507000146,46.0
1790897204,150,GET,/items,25.800000,0.000000,1700,1800,1900,2000,2200,2300,2400,2400,2500,2500,2500,543,0,1200,1194.6028023186188,267.09384400010094,2533.567704000234,2128.0
1790897204,150,GET,/items/[id],14.900000,0.000000,1600,1900,1900,2000,2200,2200,2400,2500,2500,2500,2500,326,0,1200,1142.4547021871078,252.68114600021363,2538.8875459998417,42.515337423312886
1790897204,150,,Aggregated,50.100000,0.000000,1700,1900,1900,2000,2200,2300,2400,2500,2600,2600,2600,1090,0,1200,1183.9226958156032,252.68114600021363,2646.909507000146,1087.6165137614678
1790897205,150,GET,/,4.100000,0.000000,1700,1900,2000,2100,2300,2600,2600,2600,2600,2600,2600,121,0,1000,1158.5118651487467,255.41149099990434,2630.152298000212,100.80165289256199
1790897205,150,GET,/cpu,5.200000,0.000000,1900,2000,2100,2100,2400,2500,2600,2600,2600,2600,2600,115,0,1400,1370.0350243130663,279.8181990001467,2646.909507000146,46.0
1790897205,150,GET,/items,26.900000,0.000000,1700,1800,1900,2100,2200,2400,2600,2600,2700,2700,2700,569,0,1200,1224.8017484938662,267.09384400010094,2689.7997129999567,2128.0
1790897205,150,GET,/items/[id],14.600000,0.000000,1600,1900,2000,2000,2200,2500,2500,2500,2600,2600,2600,357,0,1300,1188.402186156853,252.68114600021363,2610.960551000062,42.51820728291317
1790897205,150,,Aggregated,50.800000,0.000000,1700,1900,2000,2100,2200,2400,2600,2600,2700,2700,2700,1162,0,1200,1221.0892761015537,252.68114600021363,2689.7997129999567,1070.1359724612737
1790897206,150,GET,/,4.000000,0.000000,1700,1900,2000,2100,2300,2600,2600,2600,2600,2600,2600,125,0,1000,1160.29102583199,255.41149099990434,2630.152298000212,100.8
1790897206,150,GET,/cpu,5.300000,0.000000,1900,2000,2200,2300,2600,2800,3000,3000,3000,3000,3000,121,0,1400,1411.187388289273,279.8181990001467,2996.5417069997784,46.0
1790897206,150,GET,/items,25.400000,0.000000,1700,1800,1900,2000,2200,2400,2600,2700,2900,2900,2900,582,0,1200,1227.3338894175422,267.09384400010094,2852.324954999858,2128.0
1790897206,150,GET,/items/[id],14.700000,0.000000,1600,1800,2000,2100,2300,2500,2500,2500,2600,2600,2600,369,0,1200,1194.7135058834613,252.68114600021363,2610.960551000062,42.52574525745258
1790897206,150,,Aggregated,49.400000,0.000000,1700,1900,2000,2100,2300,2500,2600,2700,3000,3000,3000,1197,0,1200,1228.861870947373,252.68114600021363,2996.5417069997784,1062.952380952381
1790897207,150,GET,/,4.700000,0.000000,1700,2000,2100,2200,2500,2600,2600,2600,2600,2600,2600,128,0,1000,1179.5237089062384,255.41149099990434,2630.152298000212,100.796875
1790897207,150,GET,/cpu,5.200000,0.000000,1900,2000,2300,2400,2700,2800,3000,3000,3000,3000,3000,126,0,1400,1429.5333201905,279.8181990001467,2996.5417069997784,46.0
1790897207,150,GET,/items,24.700000,0.000000,1700,1800,1900,2100,2400,2600,2700,2700,2900,2900,2900,599,0,1300,1256.7366933322342,267.09384400010094,2852.324954999858,2128.0
1790897207,150,GET,/items/[id],16.300000,0.000000,1600,1900,2100,2200,2500,2500,2600,2600,2600,2600,2600,381,0,1300,1216.7682201915923,252.68114600021363,2624.9741249998806,42.53543307086614
1790897207,150,,Aggregated,50.900000,0.000000,1700,1900,2000,2200,2500,2600,2700,2700,3000,3000,3000,1234,0,1300,1254.030959710701,252.68114600021363,2996.5417069997784,1061.2447325769854
1790897208,150,GET,/,5.000000,0.000000,1800,2000,2200,2300,2600,2900,2900,3000,3000,3000,3000,134,0,1100,1229.1897007611822,255.41149099990434,2980.141094999908,100.79850746268657
1790897208,150,GET,/cpu,4.900000,0.000000,1900,2200,2400,2600,2800,3000,3500,3500,3500,3500,3500,132,0,1500,1484.6810162348754,279.8181990001467,3497.49194900005,46.0
1790897208,150,GET,/items,24.100000,0.000000,1700,1800,2100,2200,2500,2600,2700,2800,2900,2900,2900,619,0,1300,1284.0266491486384,267.09384400010094,2852.324954999858,2128.0
1790897208,150,GET,/items/[id],16.300000,0.000000,1600,2000,2200,2200,2500,2500,2600,2600,2600,2600,2600,395,0,1300,1241.99475410379,252.68114600021363,2637.649796000005,42.54177215189873
1790897208,150,,Aggregated,50.300000,0.000000,1700,1900,2200,2200,2500,2600,2800,3000,3500,3500,3500,1280,0,1300,1286.007607608598,252.68114600021363,3497.49194900005,1057.51171875
1790897209,150,GET,/,5.400000,0.000000,1900,2100,2300,2500,2600,2900,2900,3000,3000,3000,3000,147,0,1200,1289.8789301836655,255.41149099990434,2980.141094999908,100.80272108843538
1790897209,150,GET,/cpu,5.000000,0.000000,1900,2300,2500,2700,2900,3000,3500,3500,3500,3500,3500,135,0,1500,1502.083689925954,279.8181990001467,3497.49194900005,46.0
1790897209,150,GET,/items,23.600000,0.000000,1600,1900,2200,2400,2600,2700,2700,2800,2900,2900,2900,664,0,1300,1315.3749999367556,267.09384400010094,2852.324954999858,2128.0
1790897209,150,GET,/items/[id],15.400000,0.000000,1500,2000,2200,2300,2500,2600,2600,2700,2700,2700,2700,423,0,1300,1273.1782661323791,252.68114600021363,2690.9993429999304,42.53191489361702
1790897209,150,,Aggregated,49.400000,0.000000,1600,2000,2200,2400,2600,2700,2800,3000,3500,3500,3500,1369,0,1300,1318.0108892688127,252.68114600021363,3497.49194900005,1060.63623082542
1790897210,150,GET,/,5.400000,0.000000,1700,2200,2300,2500,2600,2900,2900,3000,3000,3000,3000,152,0,1200,1259.1523780855207,255.41149099990434,2980.141094999908,100.8092105263158
1790897210,150,GET,/cpu,5.100000,0.000000,2000,2300,2500,2700,2900,3000,3500,3500,3500,3500,3500,138,0,1500,1511.5328590145177,279.8181990001467,3497.49194900005,46.0
1790897210,150,GET,/items,23.100000,0.000000,1600,1800,2200,2400,2600,2700,2700,2800,2900,2900,2900,688,0,1300,1313.493079446231,267.09384400010094,2852.324954999858,2128.0
1790897210,150,GET,/items/[id],15.000000,0.000000,1500,2100,2200,2300,2500,2600,2600,2700,2700,2700,2700,429,0,1300,1270.2021313589644,252.68114600021363,2690.9993429999304,42.53146853146853
1790897210,150,,Aggregated,48.600000,0.000000,1600,2000,2300,2400,2600,2700,2800,3000,3500,3500,3500,1407,0,1300,1313.846943159208,252.68114600021363,3497.49194900005,1068.9275053304905
1790897211,150,GET,/,5.800000,0.000000,1700,2200,2300,2500,2600,2900,2900,3000,3000,3000,3000,155,0,1200,1262.5590201032214,255.41149099990434,2980.141094999908,100.81290322580645
1790897211,150,GET,/cpu,5.200000,0.000000,1800,2100,2500,2600,2900,3000,3500,3500,3500,3500,3500,148,0,1600,1514.2262184662427,279.8181990001467,3497.49194900005,46.0
1790897211,150,GET,/items,24.000000,0.000000,1600,1800,2300,2400,2600,2700,2700,2800,2900,2900,2900,695,0,1300,1315.688368214398,267.09384400010094,2852.324954999858,2128.0
1790897211,150,GET,/items/[id],16.200000,0.000000,1500,2100,2300,2400,2500,2600,2600,2700,2700,2700,2700,431,0,1300,1269.0124163480182,252.68114600021363,2690.9993429999304,42.53364269141532
1790897211,150,,Aggregated,51.200000,0.000000,1600,2100,2300,2400,2600,2700,2800,3000,3500,3500,3500,1429,0,1300,1316.4100040615856,252.68114600021363,3497.49194900005,1063.489153254024
1790897212,150,GET,/,6.400000,0.000000,1800,2100,2300,2500,2600,2900,2900,3000,3000,3000,3000,161,0,1200,1280.4288292608624,255.41149099990434,2980.141094999908,100.8136645962733
1790897212,150,GET,/cpu,4.700000,0.000000,1800,2100,2500,2600,2900,3000,3500,3500,3500,3500,3500,152,0,1600,1522.0349150789737,279.8181990001467,3497.49194900005,46.0
1790897212,150,GET,/items,25.100000,0.000000,1700,2000,2300,2400,2600,2700,2700,2800,2900,2900,2900,723,0,1400,1339.2275516597592,267.09384400010094,2852.324954999858,2128.0
1790897212,150,GET,/items/[id],15.900000,0.000000,1600,2100,2300,2400,2500,2600,2600,2700,2700,2700,2700,446,0,1300,1291.446347679363,252.68114600021363,2690.9993429999304,42.53139013452915
1790897212,150,,Aggregated,52.100000,0.000000,1700,2100,2300,2400,2600,2700,2800,3000,3500,3500,3500,1482,0,1400,1337.2098107408935,252.68114600021363,3497.49194900005,1066.6234817813765
1790897213,150,GET,/,5.900000,0.000000,1700,2100,2300,2500,2600,2900,2900,3000,3000,3000,3000,166,0,1300,1289.3037163313209,255.41149099990434,2980.141094999908,100.80722891566265
1790897213,150,GET,/cpu,5.100000,0.000000,1800,2100,2500,2600,2900,3000,3500,3500,3500,3500,3500,157,0,1600,1529.8653349554388,279.8181990001467,3497.49194900005,46.0
1790897213,150,GET,/items,22.900000,0.000000,1800,2100,2300,2400,2600,2700,2700,2800,2900,2900,2900,765,0,1400,1362.4540585934733,267.09384400010094,2852.324954999858,2128.0
1790897213,150,GET,/items/[id],14.400000,0.000000,1600,2100,2300,2400,2500,2600,2600,2700,2700,2700,2700,461,0,1300,1294.4301078958692,252.68114600021363,2690.9993429999304,42.52711496746204
1790897213,150,,Aggregated,48.300000,0.000000,1700,2100,2300,2400,2600,2700,2800,3000,3500,3500,3500,1549,0,1400,1351.3382240561689,252.68114600021363,3497.49194900005,1079.0710135571337
1790897214,150,GET,/,6.200000,0.000000,1600,2100,2200,2300,2500,2900,2900,3000,3000,3000,3000,170,0,1200,1270.2923045999935,255.41149099990434,2980.141094999908,100.8
1790897214,150,GET,/cpu,5.000000,0.000000,1900,2100,2500,2700,2900,3000,3500,3500,3500,3500,3500,161,0,1600,1535.1926446832556,279.8181990001467,3497.49194900005,46.0
1790897214,150,GET,/items,22.700000,0.000000,1800,2100,2400,2500,2700,2700,2800,2900,3000,3000,3000,790,0,1400,1370.4430820974783,267.09384400010094,3038.3097899998575,2128.0
1790897214,150,GET,/items/[id],14.000000,0.000000,1500,2100,2200,2300,2600,2600,2700,2800,2900,2900,2900,467,0,1300,1293.9689502226913,252.68114600021363,2862.8809670003648,42.52676659528908
1790897214,150,,Aggregated,47.900000,0.000000,1700,2100,2300,2400,2600,2700,2900,3000,3500,3500,3500,1588,0,1400,1353.9352910497532,252.68114600021363,3497.49194900005,1086.6007556675063
1790897215,150,GET,/,6.300000,0.000000,1600,2100,2300,2300,2600,2900,3000,3000,3000,3000,3000,170,0,1200,1270.2923045999935,255.41149099990434,2980.141094999908,100.8
1790897215,150,GET,/cpu,5.000000,0.000000,1900,2300,2700,2800,3200,3500,3600,3600,3600,3600,3600,169,0,1600,1570.120755449729,279.8181990001467,3629.9565550002626,46.0
1790897215,150,GET,/items,23.100000,0.000000,1800,2200,2400,2500,2700,2800,3100,3300,3600,3600,3600,803,0,1400,1380.8240503188144,267.09384400010094,3631.1350559999482,2128.0
1790897215,150,GET,/items/[id],14.700000,0.000000,1600,2100,2200,2300,2600,2600,2800,2900,3100,3100,3100,473,0,1300,1294.5673105983017,252.68114600021363,3127.4173609999707,42.53276955602537
1790897215,150,,Aggregated,49.100000,0.000000,1800,2100,2400,2500,2700,2900,3300,3400,3600,3600,3600,1615,0,1400,1363.7350772582092,252.68114600021363,3631.1350559999482,1085.9517027863776
1790897216,150,GET,/,6.000000,0.000000,1600,2100,2300,2500,2900,3400,3600,3600,3600,3600,3600,176,0,1300,1312.6597832727218,255.41149099990434,3603.622471000108,100.80681818181819
1790897216,150,GET,/cpu,4.900000,0.000000,1800,2100,2700,2900,3500,3700,3800,4000,4000,4000,4000,175,0,1600,1610.7604307085994,279.8181990001467,4043.4848910003893,46.0
1790897216,150,GET,/items,24.300000,0.000000,1800,2100,2400,2500,2700,2900,3600,3700,3700,3700,3700,817,0,1400,1396.6070722558227,267.09384400010094,3710.911544999817,2128.0
1790897216,150,GET,/items/[id],14.200000,0.000000,1600,2100,2200,2300,2600,3100,3500,3500,3500,3500,3500,484,0,1300,1319.6270791900786,252.68114600021363,3534.2257790002805,42.52066115702479
1790897216,150,,Aggregated,49.400000,0.000000,1700,2100,2300,2500,2700,3300,3600,3700,4000,4000,4000,1652,0,1400,1387.7958121010954,252.68114600021363,4043.4848910003893,1080.4769975786926
1790897217,150,GET,/,5.500000,0.000000,1600,2000,2200,2400,2900,3400,3600,3600,3600,3600,3600,181,0,1300,1326.7217015690533,255.41149099990434,3603.622471000108,100.80662983425414
1790897217,150,GET,/cpu,5.000000,0.000000,1700,2100,2400,2900,3600,3700,4000,4000,4000,4000,4000,179,0,1600,1622.460837089413,279.8181990001467,4043.4848910003893,46.0
1790897217,150,GET,/items,23.900000,0.000000,1800,2200,2400,2600,3100,3400,3600,3700,3700,3700,3700,852,0,1400,1438.2922401009469,267.09384400010094,3710.911544999817,2128.0
1790897217,150,GET,/items/[id],12.900000,0.000000,1700,2100,2200,2500,3100,3300,3500,3500,3600,3600,3600,504,0,1300,1351.9466812420592,252.68114600021363,3597.14087500015,42.529761904761905
1790897217,150,,Aggregated,47.300000,0.000000,1800,2100,2400,2600,3100,3400,3600,3700,4000,4000,4000,1716,0,1400,1420.3748448339209,252.68114600021363,4043.4848910003893,1084.4819347319346
1790897218,150,GET,/,5.300000,0.000000,1500,1700,2100,2100,3200,3400,3600,3600,3600,3600,3600,187,0,1300,1324.5955331818107,255.41149099990434,3603.622471000108,100.80748663101605
1790897218,150,GET,/cpu,5.600000,0.000000,1700,2100,2900,3300,3600,3800,3800,4000,4000,4000,4000,186,0,1600,1655.467671564541,279.8181990001467,4043.4848910003893,46.0
1790897218,150,GET,/items,23.500000,0.000000,1800,2100,2400,2700,3400,3700,3800,3800,3800,3800,3800,875,0,1400,1467.1150960331522,267.09384400010094,3821.6711509999186,2128.0
1790897218,150,GET,/items/[id],11.500000,0.000000,1700,2000,2100,2300,3300,3500,3700,3700,3900,3900,3900,520,0,1300,1369.4566665173022,252.68114600021363,3875.783931999649,42.50576923076923
1790897218,150,,Aggregated,45.900000,0.000000,1700,2100,2300,2600,3400,3600,3800,3800,4000,4000,4000,1768,0,1400,1443.1332167613175,252.68114600021363,4043.4848910003893,1081.170814479638
1790897219,150,GET,/,5.000000,0.000000,1500,1700,1900,2200,3200,3400,3600,3600,3600,3600,3600,189,0,1300,1335.9581318677149,255.41149099990434,3603.622471000108,100.80423280423281
1790897219,150,GET,/cpu,5.300000,0.000000,1700,2300,3300,3400,3700,3800,4000,4000,4000,4000,4000,192,0,1600,1678.1259720312746,279.8181990001467,4043.4848910003893,46.0
1790897219,150,GET,/items,25.500000,0.000000,1800,2300,2700,3100,3400,3700,3800,3800,3800,3800,3800,897,0,1400,1486.5350855061417,267.09384400010094,3821.6711509999186,2128.0
1790897219,150,GET,/items/[id],11.900000,0.000000,1800,2100,2800,3100,3400,3500,3700,3700,3900,3900,3900,532,0,1400,1398.70342953947,252.68114600021363,3875.783931999649,42.48872180451128
1790897219,150,,Aggregated,47.700000,0.000000,1800,2200,2700,3100,3400,3700,3800,3800,4000,4000,4000,1810,0,1400,1465.31959655636,252.68114600021363,4043.4848910003893,1082.4883977900552
1790897220,150,GET,/,5.200000,0.000000,1500,1700,1900,2200,3200,3400,3600,3600,3600,3600,3600,193,0,1300,1335.321913056984,255.41149099990434,3603.622471000108,100.79792746113989
1790897220,150,GET,/cpu,5.400000,0.000000,1700,2300,3300,3400,3700,3800,4000,4000,4000,4000,4000,198,0,1600,1673.7363677020423,279.8181990001467,4043.4848910003893,46.0
1790897220,150,GET,/items,25.200000,0.000000,1800,2200,2600,2900,3400,3700,3800,3800,3800,3800,3800,930,0,1500,1492.9778442462452,267.09384400010094,3821.6711509999186,2128.0
1790897220,150,GET,/items/[id],12.700000,0.000000,1700,1900,2200,2800,3300,3500,3700,3700,3900,3900,3900,561,0,1400,1404.0566686363593,252.68114600021363,3875.783931999649,42.490196078431374
1790897220,150,,Aggregated,48.500000,0.000000,1800,2100,2500,2900,3400,3600,3800,3800,4000,4000,4000,1882,0,1400,1469.320996960153,252.68114600021363,4043.4848910003893,1079.40435706695
1790897221,150,GET,/,4.800000,0.000000,1400,1600,1800,2200,3200,3400,3600,3600,3600,3600,3600,197,0,1300,1337.5287957969408,255.41149099990434,3603.622471000108,100.79187817258884
1790897221,150,GET,/cpu,5.600000,0.000000,1700,2400,3300,3400,3700,3800,4000,4000,4000,4000,4000,202,0,1600,1675.2889093465574,279.8181990001467,4043.4848910003893,46.0
1790897221,150,GET,/items,24.400000,0.000000,1800,2200,2600,2800,3400,3700,3800,3800,3800,3800,3800,956,0,1500,1494.730239550216,267.09384400010094,3821.6711509999186,2128.0
1790897221,150,GET,/items/[id],11.300000,0.000000,1500,1900,2100,2500,3300,3500,3700,3700,3900,3900,3900,579,0,1400,1402.0936646062157,252.68114600021363,3875.783931999649,42.48186528497409
1790897221,150,,Aggregated,46.100000,0.000000,1700,2000,2500,2900,3400,3600,3800,3800,4000,4000,4000,1934,0,1400,1469.8427472993842,252.68114600021363,4043.4848910003893,1079.6861427094107
1790897222,150,GET,/,3.900000,0.000000,1300,1500,1600,1600,3200,3400,3600,3600,3600,3600,3600,206,0,1300,1330.2064464902724,255.41149099990434,3603.622471000108,100.7864077669903
1790897222,150,GET,/cpu,5.800000,0.000000,1700,2400,3300,3400,3700,3800,4000,4000,4000,4000,4000,207,0,1600,1667.7640649130624,279.8181990001467,4043.4848910003893,46.0
1790897222,150,GET,/items,24.100000,0.000000,1600,1800,2600,2900,3400,3700,3800,3800,3800,3800,3800,989,0,1500,1489.8556067098132,267.09384400010094,3821.6711509999186,2128.0
1790897222,150,GET,/items/[id],12.000000,0.000000,1400,1700,1900,2500,3300,3500,3700,3700,3900,3900,3900,601,0,1400,1393.9877784109813,252.68114600021363,3875.783931999649,42.48585690515807
1790897222,150,,Aggregated,45.800000,0.000000,1500,1800,2400,2800,3400,3600,3800,3800,4000,4000,4000,2003,0,1400,1463.0571838617118,252.68114600021363,4043.4848910003893,1078.5871193210185
1790897223,150,GET,/,4.000000,0.000000,1400,1500,1600,1700,3200,3400,3600,3600,3600,3600,3600,210,0,1300,1329.919957804744,255.41149099990434,3603.622471000108,100.79047619047618
1790897223,150,GET,/cpu,5.700000,0.000000,1700,1800,3300,3400,3700,3800,4000,4000,4000,4000,4000,212,0,1600,1662.2898797547343,279.8181990001467,4043.4848910003893,46.0
1790897223,150,GET,/items,25.100000,0.000000,1600,1800,2100,2900,3400,3700,3800,3800,3800,3800,3800,1018,0,1500,1482.2708450618916,267.09384400010094,3821.6711509999186,2128.0
1790897223,150,GET,/items/[id],13.400000,0.000000,1500,1700,1900,2000,3300,3500,3600,3700,3900,3900,3900,617,0,1400,1392.8583469805494,252.68114600021363,3875.783931999649,42.49432739059968
1790897223,150,,Aggregated,48.200000,0.000000,1500,1700,2000,2800,3400,3600,3800,3800,4000,4000,4000,2057,0,1400,1458.451125914928,252.68114600021363,4043.4848910003893,1080.9144385026739
1790897224,150,GET,/,4.400000,0.000000,1400,1500,1600,1700,3200,3400,3600,3600,3600,3600,3600,212,0,1300,1329.2290932924348,255.41149099990434,3603.622471000108,100.7877358490566
1790897224,150,GET,/cpu,5.400000,0.000000,1700,1800,2100,3400,3700,3800,4000,4000,4000,4000,4000,218,0,1600,1661.961396408274,279.8181990001467,4043.4848910003893,46.0
1790897224,150,GET,/items,26.600000,0.000000,1600,1700,1900,2400,3400,3700,3800,3800,3800,3800,3800,1035,0,1500,1481.5352311062868,267.09384400010094,3821.6711509999186,2128.0
1790897224,150,GET,/items/[id],15.500000,0.000000,1500,1700,1800,2000,3300,3500,3600,3700,3900,3900,3900,627,0,1400,1393.6635066188187,252.68114600021363,3875.783931999649,42.49282296650718
1790897224,150,,Aggregated,51.900000,0.000000,1500,1700,1900,2200,3400,3600,3800,3800,4000,4000,4000,2092,0,1400,1458.5660301338467,252.68114600021363,4043.4848910003893,1080.553537284895
1790897225,150,GET,/,4.200000,0.000000,1400,1600,1700,1700,2100,3100,3200,3200,3200,3200,3200,223,0,1300,1339.4351747084993,255.41149099990434,3603.622471000108,100.78923766816143
1790897225,150,GET,/cpu,5.400000,0.000000,1700,1900,2100,2400,3600,3700,4000,4000,4000,4000,4000,223,0,1600,1669.662399704053,279.8181990001467,4043.4848910003893,46.0
1790897225,150,GET,/items,25.700000,0.000000,1600,1700,1900,2000,3300,3600,3700,3800,3800,3800,3800,1069,0,1500,1483.0790930327485,267.09384400010094,3821.6711509999186,2128.0
1790897225,150,GET,/items/[id],15.600000,0.000000,1500,1700,1900,2000,3100,3500,3600,3700,3900,3900,3900,649,0,1400,1393.4538820878263,252.68114600021363,3875.783931999649,42.49306625577812
1790897225,150,,Aggregated,50.900000,0.000000,1500,1700,1900,2000,3300,3500,3700,3800,4000,4000,4000,2164,0,1400,1460.6247130411307,252.68114600021363,4043.4848910003893,1079.086876155268
1790897226,150,GET,/,4.300000,0.000000,1300,1600,1700,1700,2100,3100,3200,3200,3200,3200,3200,225,0,1300,1330.4774554755327,255.41149099990434,3603.622471000108,100.7911111111111
1790897226,150,GET,/cpu,5.600000,0.000000,1700,1900,2000,2200,3400,3600,3800,4000,4000,4000,4000,230,0,1600,1663.0914756174084,279.8181990001467,4043.4848910003893,46.0
1790897226,150,GET,/items,24.000000,0.000000,1500,1600,1800,1900,2500,3400,3800,3800,3800,3800,3800,1092,0,1500,1475.928434567773,267.09384400010094,3821.6711509999186,2128.0
1790897226,150,GET,/items/[id],15.700000,0.000000,1400,1600,1800,1900,2600,3300,3600,3700,3900,3900,3900,666,0,1400,1386.648699187686,252.68114600021363,3875.783931999649,42.493993993993996
1790897226,150,,Aggregated,49.600000,0.000000,1500,1700,1800,1900,2600,3400,3700,3800,4000,4000,4000,2213,0,1400,1453.7236109719854,252.68114600021363,4043.4848910003893,1077.8739267962042
1790897227,150,GET,/,4.700000,0.000000,1300,1600,1700,1700,2100,2600,3200,3200,3200,3200,3200,233,0,1300,1321.2692939785118,255.41149099990434,3603.622471000108,100.78540772532189
1790897227,150,GET,/cpu,5.700000,0.000000,1600,1900,2000,2100,2400,3300,4000,4000,4000,4000,4000,233,0,1600,1658.7836701158988,279.8181990001467,4043.4848910003893,46.0
1790897227,150,GET,/items,25.600000,0.000000,1500,1700,1900,2100,2700,3300,3700,3800,3800,3800,3800,1128,0,1500,1481.2939842482342,267.09384400010094,3821.6711509999186,2128.0
1790897227,150,GET,/items/[id],16.400000,0.000000,1400,1600,1900,2000,2300,2800,3200,3700,3700,3700,3700,688,0,1400,1390.3182620508687,252.68114600021363,3875.783931999649,42.50726744186046
1790897227,150,,Aggregated,52.400000,0.000000,1500,1700,1900,2000,2400,3100,3700,3800,4000,4000,4000,2282,0,1400,1455.6489566858024,252.68114600021363,4043.4848910003893,1079.6801051709026
1790897228,150,GET,/,5.000000,0.000000,1200,1400,1600,1700,2000,2100,2600,2600,2600,2600,2600,236,0,1300,1312.8698034109884,255.41149099990434,3603.622471000108,100.78813559322033
1790897228,150,GET,/cpu,5.300000,0.000000,1700,1800,2000,2000,2200,2300,2500,2500,2500,2500,2500,238,0,1600,1653.8708965672445,279.8181990001467,4043.4848910003893,46.0
1790897228,150,GET,/items,27.500000,0.000000,1500,1700,1800,1900,2300,2600,2700,2800,3300,3300,3300,1155,0,1500,1475.6881786129934,267.09384400010094,3821.6711509999186,2128.0
1790897228,150,GET,/items/[id],18.500000,0.000000,1400,1600,1800,1900,2200,2400,3000,3100,3200,3200,3200,708,0,1400,1380.6960154392625,252.68114600021363,3875.783931999649,42.51271186440678
1790897228,150,,Aggregated,56.300000,0.000000,1500,1700,1800,1900,2200,2500,2700,2900,3300,3300,3300,2337,0,1400,1448.614108779205,252.68114600021363,4043.4848910003893,1079.4492939666238
1790897229,150,GET,/,5.000000,0.000000,1200,1400,1700,1700,2100,2500,2500,2600,2600,2600,2600,242,0,1300,1322.6068830660874,255.41149099990434,3603.622471000108,100.77685950413223
1790897229,150,GET,/cpu,5.400000,0.000000,1700,1900,2000,2100,2300,2400,2500,2500,2500,2500,2500,243,0,1600,1654.7381379424019,279.8181990001467,4043.4848910003893,46.0
1790897229,150,GET,/items,26.700000,0.000000,1500,1600,1700,1900,2300,2600,2700,2700,2800,2800,2800,1175,0,1500,1479.313601239154,267.09384400010094,3821.6711509999186,2128.0
1790897229,150,GET,/items/[id],18.400000,0.000000,1300,1500,1700,1900,2100,2400,2500,2600,2600,2600,2600,723,0,1400,1380.8422550318105,252.68114600021363,3875.783931999649,42.50899031811895
1790897229,150,,Aggregated,55.500000,0.000000,1400,1600,1700,1900,2200,2500,2600,2700,2800,2800,2800,2383,0,1400,1451.4119450549729,252.68114600021363,4043.4848910003893,1077.0877045740663
1790897230,150,GET,/,5.100000,0.000000,1200,1500,1700,1900,2200,2500,2600,2600,2600,2600,2600,247,0,1300,1325.3164009554357,255.41149099990434,3603.622471000108,100.76923076923077
1790897230,150,GET,/cpu,5.200000,0.000000,1800,2000,2100,2100,2400,2500,2700,2700,2700,2700,2700,247,0,1600,1659.3243338259274,279.8181990001467,4043.4848910003893,46.0
1790897230,150,GET,/items,28.500000,0.000000,1400,1700,1800,2000,2400,2600,2700,2700,2800,2800,2800,1222,0,1500,1480.214785079382,267.09384400010094,3821.6711509999186,2128.0
1790897230,150,GET,/items/[id],18.700000,0.000000,1200,1600,1800,1900,2200,2400,2500,2600,2700,2700,2700,749,0,1300,1377.542677612818,252.68114600021363,3875.783931999649,42.50734312416555
1790897230,150,,Aggregated,57.500000,0.000000,1400,1700,1900,2000,2300,2500,2600,2700,2800,2800,2800,2465,0,1400,1451.443486567951,252.68114600021363,4043.4848910003893,1082.558215010142
1790897231,150,GET,/,4.800000,0.000000,1200,1600,1900,2000,2400,2500,2600,2600,2600,2600,2600,252,0,1300,1326.2480274761604,255.41149099990434,3603.622471000108,100.76587301587301
1790897231,150,GET,/cpu,5.000000,0.000000,1600,2000,2100,2100,2400,2500,2700,2700,2700,2700,2700,252,0,1600,1651.6130042857308,279.8181990001467,4043.4848910003893,46.0
1790897231,150,GET,/items,27.900000,0.000000,1400,1700,1900,2000,2400,2600,2700,2700,2800,2800,2800,1250,0,1500,1477.8565733384046,267.09384400010094,3821.6711509999186,2128.0
1790897231,150,GET,/items/[id],19.200000,0.000000,1300,1700,1900,1900,2200,2400,2500,2600,2700,2700,2700,762,0,1400,1377.5834185761178,252.68114600021363,3875.783931999649,42.51574803149607
1790897231,150,,Aggregated,56.900000,0.000000,1400,1700,1900,2000,2300,2500,2600,2700,2800,2800,2800,2516,0,1400,1449.7059863402235,252.68114600021363,4043.4848910003893,1084.810015898251
1790897232,150,GET,/,5.300000,0.000000,1200,1600,1900,2000,2400,2500,2600,2600,2600,2600,2600,255,0,1300,1324.6169641607542,255.41149099990434,3603.622471000108,100.76862745098039
1790897232,150,GET,/cpu,5.100000,0.000000,1600,2000,2000,2100,2400,2500,2700,2700,2700,2700,2700,259,0,1600,1643.845244405422,279.8181990001467,4043.4848910003893,46.0
1790897232,150,GET,/items,27.300000,0.000000,1400,1700,1900,2000,2400,2600,2700,2700,2800,2800,2800,1271,0,1400,1474.3185135814365,267.09384400010094,3821.6711509999186,2128.0
1790897232,150,GET,/items/[id],17.900000,0.000000,1300,1700,1900,2000,2200,2400,2500,2600,2700,2700,2700,771,0,1300,1376.5764238339834,252.68114600021363,3875.783931999649,42.51621271076524
1790897232,150,,Aggregated,55.600000,0.000000,1400,1700,1900,2000,2400,2500,2600,2700,2800,2800,2800,2556,0,1400,1447.0784419796566,252.68114600021363,4043.4848910003893,1085.7112676056338
1790897233,150,GET,/,5.500000,0.000000,1300,1600,1700,1900,2400,2500,2600,2600,2600,2600,2600,261,0,1300,1321.765238034457,255.41149099990434,3603.622471000108,100.76628352490421
1790897233,150,GET,/cpu,4.900000,0.000000,1600,1900,2000,2100,2400,2500,2700,2700,2700,2700,2700,264,0,1600,1641.9798158144104,279.8181990001467,4043.4848910003893,46.0
1790897233,150,GET,/items,29.100000,0.000000,1400,1600,1900,2000,2400,2600,2700,2700,2800,2800,2800,1299,0,1400,1472.606785846809,267.09384400010094,3821.6711509999186,2128.0
1790897233,150,GET,/items/[id],19.200000,0.000000,1300,1600,1800,1900,2200,2400,2500,2600,2700,2700,2700,799,0,1300,1372.485962953692,252.68114600021363,3875.783931999649,42.52190237797247
1790897233,150,,Aggregated,58.700000,0.000000,1400,1600,1900,2000,2300,2500,2600,2700,2800,2800,2800,2623,0,1400,1444.1463582603894,252.68114600021363,4043.4848910003893,1081.4681662218834
1790897234,150,GET,/,4.800000,0.000000,1200,1500,1700,1900,2400,2500,2600,2600,2600,2600,2600,266,0,1300,1319.3026599999723,255.41149099990434,3603.622471000108,100.76691729323308
1790897234,150,GET,/cpu,5.100000,0.000000,1500,1800,1900,2000,2500,2500,2700,2700,2700,2700,2700,269,0,1600,1639.1645602119138,279.8181990001467,4043.4848910003893,46.0
1790897234,150,GET,/items,28.000000,0.000000,1400,1700,1900,2100,2400,2600,2700,2700,2800,2800,2800,1315,0,1400,1468.833575946773,267.09384400010094,3821.6711509999186,2128.0
1790897234,150,GET,/items/[id],17.600000,0.000000,1200,1500,1700,1900,2200,2400,2500,2600,2700,2700,2700,815,0,1300,1365.710705964418,252.68114600021363,3875.783931999649,42.523926380368096
1790897234,150,,Aggregated,55.500000,0.000000,1300,1600,1900,2000,2300,2500,2600,2700,2800,2800,2800,2665,0,1400,1439.5647849861173,252.68114600021363,4043.4848910003893,1077.7317073170732
1790897235,150,GET,/,5.200000,0.000000,1200,1600,2200,2300,2400,2500,2600,2600,2600,2600,2600,269,0,1300,1331.498167568743,255.41149099990434,3603.622471000108,100.76951672862454
1790897235,150,GET,/cpu,5.200000,0.000000,1400,1800,2000,2100,2500,2600,2700,2700,2700,2700,2700,274,0,1600,1638.7853592189963,279.8181990001467,4043.4848910003893,46.0
1790897235,150,GET,/items,28.000000,0.000000,1400,1700,2100,2300,2500,2600,2700,2700,2800,2800,2800,1339,0,1400,1478.8438173734187,267.09384400010094,3821.6711509999186,2128.0
1790897235,150,GET,/items/[id],17.500000,0.000000,1300,1600,2000,2100,2400,2500,2600,2600,2700,2700,2700,833,0,1400,1380.562202271309,252.68114600021363,3875.783931999649,42.5234093637455
1790897235,150,,Aggregated,55.900000,0.000000,1400,1700,2000,2200,2500,2600,2600,2700,2800,2800,2800,2715,0,1400,1450.232184698712,252.68114600021363,4043.4848910003893,1077.1731123388581
1790897236,150,GET,/,5.300000,0.000000,1400,1600,2100,2100,2400,2500,2500,2600,2600,2600,2600,281,0,1300,1344.5281191209679,255.41149099990434,3603.622471000108,100.77224199288256
1790897236,150,GET,/cpu,5.000000,0.000000,1400,1800,1800,2000,2500,2600,2700,2700,2700,2700,2700,280,0,1600,1638.1843975178735,279.8181990001467,4043.4848910003893,46.0
1790897236,150,GET,/items,28.300000,0.000000,1400,1700,1900,2100,2400,2600,2600,2600,2700,2700,2700,1376,0,1500,1481.0372539338728,267.09384400010094,3821.6711509999186,2128.0
1790897236,150,GET,/items/[id],18.900000,0.000000,1300,1500,1700,2000,2400,2400,2500,2600,2700,2700,2700,847,0,1400,1381.4423674687127,252.68114600021363,3875.783931999649,42.51711924439197
1790897236,150,,Aggregated,57.500000,0.000000,1400,1600,1900,2100,2400,2500,2600,2600,2700,2700,2700,2784,0,1400,1452.7632828437513,252.68114600021363,4043.4848910003893,1079.5032327586207
1790897237,150,GET,/,5.100000,0.000000,1500,1700,2100,2200,2400,2500,2600,2600,2600,2600,2600,285,0,1300,1350.8096583473418,255.41149099990434,3603.622471000108,100.7719298245614
1790897237,150,GET,/cpu,5.000000,0.000000,1600,1800,1900,2000,2500,2600,2700,2700,2700,2700,2700,286,0,1600,1641.9768980594597,279.8181990001467,4043.4848910003893,46.0
1790897237,150,GET,/items,27.200000,0.000000,1500,1700,2000,2100,2500,2600,2600,2600,2700,2700,2700,1390,0,1500,1483.7486786043228,267.09384400010094,3821.6711509999186,2128.0
1790897237,150,GET,/items/[id],18.600000,0.000000,1400,1600,1900,2000,2400,2500,2500,2600,2700,2700,2700,859,0,1400,1387.774720844004,252.68114600021363,3875.783931999649,42.51222351571595
1790897237,150,,Aggregated,55.900000,0.000000,1400,1700,2000,2100,2400,2500,2600,2600,2700,2700,2700,2820,0,1400,1457.1259907585127,252.68114600021363,4043.4848910003893,1076.7070921985814
1790897238,150,GET,/,5.100000,0.000000,1400,1700,2100,2100,2400,2500,2500,2600,2600,2600,2600,291,0,1300,1347.9151615841638,255.41149099990434,3603.622471000108,100.76632302405498
1790897238,150,GET,/cpu,5.200000,0.000000,1600,1800,2000,2000,2500,2600,2700,2700,2700,2700,2700,290,0,1600,1648.1098231793299,279.8181990001467,4043.4848910003893,46.0
1790897238,150,GET,/items,26.800000,0.000000,1500,1700,2000,2100,2400,2600,2600,2600,2700,2700,2700,1421,0,1500,1485.8442959753759,267.09384400010094,3821.6711509999186,2128.0
1790897238,150,GET,/items/[id],17.600000,0.000000,1300,1600,1800,2000,2400,2400,2500,2600,2700,2700,2700,883,0,1400,1385.1058454348833,252.68114600021363,3875.783931999649,42.51868629671574
1790897238,150,,Aggregated,54.700000,0.000000,1400,1700,1900,2100,2400,2500,2600,2600,2700,2700,2700,2885,0,1400,1457.4101791483558,252.68114600021363,4043.4848910003893,1075.94280762565
1790897239,150,GET,/,5.500000,0.000000,1400,1600,1800,2000,2200,2400,2400,2400,2400,2400,2400,296,0,1300,1341.1415927195678,255.41149099990434,3603.622471000108,100.77027027027027
1790897239,150,GET,/cpu,5.100000,0.000000,1600,1900,2000,2100,2500,2600,2700,2700,2700,2700,2700,295,0,1600,1659.1516318406966,279.8181990001467,4043.4848910003893,46.0
1790897239,150,GET,/items,26.700000,0.000000,1500,1700,1900,2000,2300,2500,2600,2700,2800,2800,2800,1446,0,1500,1487.8746152026338,267.09384400010094,3821.6711509999186,2128.0
1790897239,150,GET,/items/[id],17.200000,0.000000,1300,1600,1800,2000,2400,2400,2600,2700,2700,2700,2700,901,0,1400,1388.0998733152078,252.68114600021363,3875.783931999649,42.516093229744726
1790897239,150,,Aggregated,54.500000,0.000000,1400,1700,1900,2000,2400,2500,2600,2700,2800,2800,2800,2938,0,1400,1459.6910559149117,252.68114600021363,4043.4848910003893,1075.150782845473
1790897240,150,GET,/,5.000000,0.000000,1400,1600,1800,2000,2300,2400,2400,2700,2700,2700,2700,300,0,1300,1343.5930413433061,255.41149099990434,3603.622471000108,100.77333333333333
1790897240,150,GET,/cpu,5.100000,0.000000,1600,1900,2100,2200,2600,2700,2800,3000,3000,3000,3000,302,0,1600,1667.6736085231948,279.8181990001467,4043.4848910003893,46.0
1790897240,150,GET,/items,25.600000,0.000000,1500,1700,2000,2100,2500,2600,2700,2800,3200,3200,3200,1461,0,1500,1494.1123157864536,267.09384400010094,3821.6711509999186,2128.0
1790897240,150,GET,/items/[id],16.300000,0.000000,1300,1500,1900,2000,2400,2500,2600,2700,2700,2700,2700,913,0,1300,1390.1384188050413,252.68114600021363,3875.783931999649,42.519167579408546
1790897240,150,,Aggregated,52.000000,0.000000,1400,1600,2000,2100,2400,2600,2700,2800,3200,3200,3200,2976,0,1400,1464.6538346471807,252.68114600021363,4043.4848910003893,1072.5645161290322
1790897241,150,GET,/,5.700000,0.000000,1400,1600,2000,2100,2300,2400,2400,2700,2700,2700,2700,306,0,1300,1351.0548217123912,255.41149099990434,3603.622471000108,100.76470588235294
1790897241,150,GET,/cpu,5.100000,0.000000,1800,2000,2100,2200,2600,2700,2800,3000,3000,3000,3000,307,0,1600,1670.0208149739585,279.8181990001467,4043.4848910003893,46.0
1790897241,150,GET,/items,27.500000,0.000000,1500,1800,2000,2100,2500,2600,2800,2900,3200,3200,3200,1495,0,1500,1499.8806949371303,267.09384400010094,3821.6711509999186,2128.0
1790897241,150,GET,/items/[id],18.100000,0.000000,1400,1600,1900,2100,2400,2500,2600,2700,2700,2700,2700,927,0,1400,1395.4334235965516,252.68114600021363,3875.783931999649,42.51995685005394
1790897241,150,,Aggregated,56.400000,0.000000,1500,1800,2000,2100,2400,2600,2700,2800,3200,3200,3200,3035,0,1400,1470.1837193561812,252.68114600021363,4043.4848910003893,1076.023723228995
1790897242,150,GET,/,5.500000,0.000000,1500,1700,2000,2100,2300,2400,2400,2700,2700,2700,2700,311,0,1300,1346.7393852700716,255.41149099990434,3603.622471000108,100.7620578778135
1790897242,150,GET,/cpu,5.100000,0.000000,1800,2000,2100,2200,2600,2700,2800,3000,3000,3000,3000,312,0,1600,1671.4125477692462,279.8181990001467,4043.4848910003893,46.0
1790897242,150,GET,/items,25.900000,0.000000,1500,1900,2000,2100,2500,2600,2800,2900,3200,3200,3200,1529,0,1500,1493.6766560294377,267.09384400010094,3821.6711509999186,2128.0
1790897242,150,GET,/items/[id],18.000000,0.000000,1500,1800,2000,2100,2400,2500,2600,2700,2700,2700,2700,956,0,1400,1399.6494244665307,252.68114600021363,3875.783931999649,42.51987447698745
1790897242,150,,Aggregated,54.500000,0.000000,1500,1900,2000,2100,2400,2600,2700,2800,3200,3200,3200,3108,0,1400,1467.8935394408013,252.68114600021363,4043.4848910003893,1074.662162162162
1790897243,150,GET,/,5.500000,0.000000,1500,1700,2000,2100,2300,2400,2400,2700,2700,2700,2700,318,0,1300,1346.2716268396002,255.41149099990434,3603.622471000108,100.76100628930817
1790897243,150,GET,/cpu,5.400000,0.000000,1800,2000,2200,2300,2600,2700,2800,3000,3000,3000,3000,317,0,1600,1670.0515037287219,279.8181990001467,4043.4848910003893,46.0
1790897243,150,GET,/items,24.400000,0.000000,1600,1900,2100,2200,2500,2600,2800,2900,3200,3200,3200,1553,0,1500,1496.3329550663284,267.09384400010094,3821.6711509999186,2128.0
1790897243,150,GET,/items/[id],16.200000,0.000000,1500,1900,2000,2100,2400,2500,2600,2700,2700,2700,2700,975,0,1400,1397.8608696102597,252.68114600021363,3875.783931999649,42.52307692307692
1790897243,150,,Aggregated,51.500000,0.000000,1600,1900,2100,2200,2400,2600,2700,2800,3200,3200,3200,3163,0,1400,1468.302286153971,252.68114600021363,4043.4848910003893,1072.6740436294656
1790897244,150,GET,/,5.600000,0.000000,1400,1600,1700,2000,2100,2300,2400,2700,2700,2700,2700,322,0,1300,1344.0521553353815,255.41149099990434,3603.622471000108,100.76086956521739
1790897244,150,GET,/cpu,5.400000,0.000000,1800,2000,2100,2200,2600,2700,3000,3000,3000,3000,3000,320,0,1600,1664.6237989250137,279.8181990001467,4043.4848910003893,46.0
1790897244,150,GET,/items,25.400000,0.000000,1500,1800,2000,2100,2400,2600,2800,2900,3200,3200,3200,1592,0,1500,1489.567134167718,267.09384400010094,3821.6711509999186,2128.0
1790897244,150,GET,/items/[id],18.100000,0.000000,1400,1800,2000,2000,2400,2500,2600,2700,2700,2700,2700,980,0,1400,1394.8778732683709,252.68114600021363,3875.783931999649,42.522448979591836
1790897244,150,,Aggregated,54.500000,0.000000,1500,1800,2000,2100,2400,2600,2700,2800,3200,3200,3200,3214,0,1400,1463.5456138991938,252.68114600021363,4043.4848910003893,1081.7090852520223
1790897245,150,GET,/,5.500000,0.000000,1200,1600,1700,1700,2000,2300,2300,2700,2700,2700,2700,327,0,1300,1344.1188531406513,255.41149099990434,3603.622471000108,100.76146788990826
1790897245,150,GET,/cpu,5.200000,0.000000,1800,2000,2100,2200,2600,2700,3000,3000,3000,3000,3000,326,0,1600,1659.8479134202585,279.8181990001467,4043.4848910003893,46.0
1790897245,150,GET,/items,25.100000,0.000000,1500,1800,1900,1900,2200,2500,2800,2900,3200,3200,3200,1626,0,1500,1488.4123577872122,267.09384400010094,3821.6711509999186,2128.0
1790897245,150,GET,/items/[id],17.600000,0.000000,1400,1800,1900,2000,2300,2400,2600,2700,2700,2700,2700,995,0,1400,1396.3103207547786,252.68114600021363,3875.783931999649,42.521608040201
1790897245,150,,Aggregated,53.400000,0.000000,1500,1800,1900,2000,2200,2500,2700,2800,3200,3200,3200,3274,0,1400,1463.0801917119766,252.68114600021363,4043.4848910003893,1084.4172266340868
1790897246,150,GET,/,5.600000,0.000000,1100,1500,1700,1800,2000,2300,2300,2700,2700,2700,2700,337,0,1300,1331.5961097714917,255.41149099990434,3603.622471000108,100.76557863501483
1790897246,150,GET,/cpu,5.400000,0.000000,1800,2000,2100,2200,2600,2700,3000,3000,3000,3000,3000,329,0,1600,1660.1428855805602,279.8181990001467,4043.4848910003893,46.0
1790897246,150,GET,/items,26.100000,0.000000,1500,1800,1900,1900,2200,2500,2800,2900,3200,3200,3200,1657,0,1500,1479.607191480995,267.09384400010094,3821.6711509999186,2128.0
1790897246,150,GET,/items/[id],16.800000,0.000000,1300,1800,1900,1900,2200,2400,2600,2700,2700,2700,2700,1016,0,1400,1388.3201540698858,252.68114600021363,3875.783931999649,42.52165354330709
1790897246,150,,Aggregated,53.900000,0.000000,1400,1800,1900,1900,2200,2500,2700,2800,3200,3200,3200,3339,0,1400,1454.6802309577745,252.68114600021363,4043.4848910003893,1083.6747529200359
1790897247,150,GET,/,5.600000,0.000000,1100,1500,1700,1800,2000,2300,2300,2700,2700,2700,2700,342,0,1300,1336.849986839158,255.41149099990434,3603.622471000108,100.76315789473684
1790897247,150,GET,/cpu,5.100000,0.000000,1800,2000,2200,2200,2600,2700,3000,3000,3000,3000,3000,335,0,1600,1656.7849698328494,279.8181990001467,4043.4848910003893,46.0
1790897247,150,GET,/items,27.600000,0.000000,1400,1800,1900,2000,2200,2500,2800,2900,3200,3200,3200,1682,0,1500,1482.0331615511345,267.09384400010094,3821.6711509999186,2128.0
1790897247,150,GET,/items/[id],16.400000,0.000000,1300,1800,1900,1900,2200,2400,2600,2700,2700,2700,2700,1028,0,1400,1389.8879586303547,252.68114600021363,3875.783931999649,42.521400778210115
1790897247,150,,Aggregated,54.700000,0.000000,1400,1800,1900,2000,2200,2500,2700,2800,3200,3200,3200,3387,0,1400,1456.6903630333659,252.68114600021363,4043.4848910003893,1084.4047829938
1790897248,150,GET,/,5.700000,0.000000,1200,1500,1700,1800,2000,2300,2300,2700,2700,2700,2700,346,0,1300,1336.6061811415955,255.41149099990434,3603.622471000108,100.76589595375722
1790897248,150,GET,/cpu,5.000000,0.000000,1700,2000,2100,2200,2600,2700,3000,3000,3000,3000,3000,340,0,1600,1656.974940550013,279.8181990001467,4043.4848910003893,46.0
1790897248,150,GET,/items,28.200000,0.000000,1500,1800,1900,2000,2200,2400,2800,2900,3200,3200,3200,1712,0,1500,1482.4986122336506,267.09384400010094,3821.6711509999186,2128.0
1790897248,150,GET,/items/[id],16.500000,0.000000,1500,1800,1900,1900,2100,2400,2700,2700,2700,2700,2700,1043,0,1400,1393.3114649846655,252.68114600021363,3875.783931999649,42.51869606903164
1790897248,150,,Aggregated,55.400000,0.000000,1500,1800,1900,2000,2200,2400,2700,2800,3200,3200,3200,3441,0,1400,1458.0350771825092,252.68114600021363,4043.4848910003893,1086.3086312118571
1790897249,150,GET,/,5.700000,0.000000,1200,1700,1800,1800,2000,2300,2300,2700,2700,2700,2700,351,0,1300,1336.2686265298917,255.41149099990434,3603.622471000108,100.76068376068376
1790897249,150,GET,/cpu,4.900000,0.000000,1700,2000,2100,2200,2300,2700,3000,3000,3000,3000,3000,346,0,1600,1657.825553173425,279.8181990001467,4043.4848910003893,46.0
1790897249,150,GET,/items,28.800000,0.000000,1400,1800,1900,1900,2100,2300,2500,2900,3200,3200,3200,1732,0,1500,1482.857151776565,267.09384400010094,3821.6711509999186,2128.0
1790897249,150,GET,/items/[id],16.900000,0.000000,1500,1800,1900,1900,2000,2200,2300,2500,2700,2700,2700,1060,0,1400,1394.5258200396297,252.68114600021363,3875.783931999649,42.51698113207547
1790897249,150,,Aggregated,56.300000,0.000000,1400,1800,1900,1900,2100,2300,2500,2800,3200,3200,3200,3489,0,1400,1458.625361257958,252.68114600021363,4043.4848910003893,1083.9916881627973
1790897250,150,GET,/,5.800000,0.000000,1200,1600,1800,1800,2000,2500,2500,2700,2700,2700,2700,357,0,1300,1346.2390134845734,255.41149099990434,3603.622471000108,100.75350140056022
1790897250,150,GET,/cpu,5.000000,0.000000,1700,1900,2100,2200,2300,2500,2900,2900,2900,2900,2900,352,0,1600,1664.7786726022882,279.8181990001467,4043.4848910003893,46.0
1790897250,150,GET,/items,28.700000,0.000000,1400,1800,1900,2000,2300,2400,2600,2700,2700,2700,2700,1759,0,1500,1493.452329494604,267.09384400010094,3821.6711509999186,2128.0
1790897250,150,GET,/items/[id],17.000000,0.000000,1400,1800,1900,1900,2000,2300,2500,2700,2700,2700,2700,1074,0,1400,1399.329253218816,252.68114600021363,3875.783931999649,42.51582867783985
1790897250,150,,Aggregated,56.500000,0.000000,1400,1800,1900,2000,2200,2400,2600,2700,2900,2900,2900,3542,0,1400,1467.1009842202186,252.68114600021363,4043.4848910003893,1084.4085262563524
1790897251,150,GET,/,5.400000,0.000000,1200,1700,1800,1900,2300,2600,2700,2900,2900,2900,2900,363,0,1300,1352.2988183167831,255.41149099990434,3603.622471000108,100.75482093663912
1790897251,150,GET,/cpu,5.000000,0.000000,1600,2000,2200,2300,2500,2600,2900,2900,2900,2900,2900,357,0,1600,1669.5811385938543,279.8181990001467,4043.4848910003893,46.0
1790897251,150,GET,/items,28.000000,0.000000,1300,1800,1900,2000,2300,2500,2600,2700,2700,2700,2700,1781,0,1500,1488.055979498601,267.09384400010094,3821.6711509999186,2128.0
1790897251,150,GET,/items/[id],15.300000,0.000000,1300,1800,1900,2000,2300,2500,2700,2700,2900,2900,2900,1088,0,1400,1401.194831621332,252.68114600021363,3875.783931999649,42.52205882352941
1790897251,150,,Aggregated,53.700000,0.000000,1300,1800,1900,2000,2300,2500,2600,2700,2900,2900,2900,3589,0,1400,1466.0497670153281,252.68114600021363,4043.4848910003893,1083.6522708275286
1790897252,150,GET,/,5.300000,0.000000,1300,1700,1800,2000,2500,2600,2700,2900,2900,2900,2900,367,0,1300,1356.1763000599244,255.41149099990434,3603.622471000108,100.75476839237058
1790897252,150,GET,/cpu,5.100000,0.000000,1500,2100,2200,2300,2600,2800,2900,2900,2900,2900,2900,363,0,1600,1675.1804299531834,279.8181990001467,4043.4848910003893,46.0
1790897252,150,GET,/items,28.400000,0.000000,1400,1800,2000,2100,2500,2700,2700,2800,3000,3000,3000,1806,0,1500,1496.0497660559292,267.09384400010094,3821.6711509999186,2128.0
1790897252,150,GET,/items/[id],15.400000,0.000000,1300,1800,1900,2000,2500,2600,2700,2800,2900,2900,2900,1100,0,1400,1408.6059653736443,252.68114600021363,3875.783931999649,42.52181818181818
1790897252,150,,Aggregated,54.200000,0.000000,1400,1800,2000,2100,2500,2700,2800,2800,3000,3000,3000,3636,0,1400,1473.360736414471,252.68114600021363,4043.4848910003893,1084.6031353135313
1790897253,150,GET,/,5.500000,0.000000,1300,1800,1800,2000,2500,2600,2900,2900,2900,2900,2900,369,0,1300,1358.106827875318,255.41149099990434,3603.622471000108,100.7560975609756
1790897253,150,GET,/cpu,4.900000,0.000000,1900,2100,2200,2300,2600,2800,2900,2900,2900,2900,2900,369,0,1700,1679.9887510325354,279.8181990001467,4043.4848910003893,46.0
1790897253,150,GET,/items,29.500000,0.000000,1500,1900,2000,2100,2500,2700,2800,2800,3000,3000,3000,1825,0,1500,1501.6087142493188,267.09384400010094,3821.6711509999186,2128.0
1790897253,150,GET,/items/[id],16.000000,0.000000,1700,1900,2000,2000,2500,2600,2800,2800,2900,2900,2900,1109,0,1400,1414.1997715139846,252.68114600021363,3875.783931999649,42.517583408476106
1790897253,150,,Aggregated,55.900000,0.000000,1500,1900,2000,2100,2500,2700,2800,2900,3000,3000,3000,3672,0,1400,1478.7147926827386,252.68114600021363,4043.4848910003893,1085.213779956427
1790897254,150,GET,/,5.800000,0.000000,1300,1800,2000,2100,2500,2600,2700,2900,2900,2900,2900,376,0,1300,1363.6974124308313,255.41149099990434,3603.622471000108,100.75531914893617
1790897254,150,GET,/cpu,5.000000,0.000000,2000,2100,2300,2300,2500,2800,2900,2900,2900,2900,2900,374,0,1700,1685.1523657513535,279.8181990001467,4043.4848910003893,46.0
1790897254,150,GET,/items,28.000000,0.000000,1700,2000,2100,2300,2500,2700,2800,2800,3000,3000,3000,1849,0,1500,1504.513967749598,267.09384400010094,3821.6711509999186,2128.0
1790897254,150,GET,/items/[id],14.100000,0.000000,1700,1900,2000,2200,2400,2600,2800,2800,2900,2900,2900,1129,0,1400,1418.6810469681209,252.68114600021363,3875.783931999649,42.52170062001772
1790897254,150,,Aggregated,52.900000,0.000000,1700,2000,2100,2300,2500,2700,2800,2900,3000,3000,3000,3728,0,1400,1482.439495778169,252.68114600021363,4043.4848910003893,1083.0920064377683
1790897255,150,GET,/,5.300000,0.000000,1600,2000,2200,2400,2600,2700,2900,2900,2900,2900,2900,381,0,1300,1372.4623731390889,255.41149099990434,3603.622471000108,100.75590551181102
1790897255,150,GET,/cpu,5.000000,0.000000,2000,2100,2300,2500,2600,2800,2900,2900,2900,2900,2900,379,0,1700,1686.3654600738937,279.8181990001467,4043.4848910003893,46.0
1790897255,150,GET,/items,28.200000,0.000000,1800,2100,2400,2500,2700,2800,2800,2900,3000,3000,3000,1873,0,1500,1513.837818805662,267.09384400010094,3821.6711509999186,2128.0
1790897255,150,GET,/items/[id],14.300000,0.000000,1800,2000,2200,2300,2600,2700,2800,2800,2900,2900,2900,1137,0,1400,1423.3699849956104,252.68114600021363,3875.783931999649,42.52330694810906
1790897255,150,,Aggregated,52.800000,0.000000,1800,2100,2300,2400,2700,2800,2800,2900,3000,3000,3000,3770,0,1400,1489.6102337127354,252.68114600021363,4043.4848910003893,1084.8580901856765
1790897256,150,GET,/,5.000000,0.000000,1600,2100,2300,2500,2700,2700,2900,2900,2900,2900,2900,386,0,1300,1375.0075687927272,255.41149099990434,3603.622471000108,100.75388601036269
1790897256,150,GET,/cpu,5.200000,0.000000,2000,2200,2500,2500,2700,2900,2900,2900,2900,2900,2900,383,0,1700,1687.7784940417896,279.8181990001467,4043.4848910003893,46.0
1790897256,150,GET,/items,25.900000,0.000000,1800,2300,2500,2600,2700,2800,2900,3000,3100,3100,3100,1914,0,1500,1518.5955326724156,267.09384400010094,3821.6711509999186,2128.0
1790897256,150,GET,/items/[id],13.700000,0.000000,1800,2000,2300,2400,2600,2700,2800,2800,2900,2900,2900,1156,0,1400,1427.9944404022583,252.68114600021363,3875.783931999649,42.52508650519031
1790897256,150,,Aggregated,49.800000,0.000000,1800,2200,2400,2500,2700,2800,2900,2900,3100,3100,3100,3839,0,1400,1493.7550162573632,252.68114600021363,4043.4848910003893,1088.4761656681428
1790897257,150,GET,/,5.300000,0.000000,1300,1800,2300,2500,2700,2700,2900,2900,2900,2900,2900,391,0,1300,1370.4991389641739,255.41149099990434,3603.622471000108,100.75191815856778
1790897257,150,GET,/cpu,5.300000,0.000000,2000,2200,2300,2500,2700,2900,2900,2900,2900,2900,2900,390,0,1700,1685.5418964153976,279.8181990001467,4043.4848910003893,46.0
1790897257,150,GET,/items,24.800000,0.000000,1800,2300,2500,2600,2700,2800,2900,3000,3100,3100,3100,1929,0,1500,1515.8665750067416,267.09384400010094,3821.6711509999186,2128.0
1790897257,150,GET,/items/[id],14.200000,0.000000,1800,2000,2300,2400,2600,2700,2800,2800,2900,2900,2900,1173,0,1400,1425.0510773026526,252.68114600021363,3875.783931999649,42.52685421994885
1790897257,150,,Aggregated,49.600000,0.000000,1700,2200,2400,2500,2700,2800,2900,2900,3100,3100,3100,3883,0,1400,1490.836476899566,252.68114600021363,4043.4848910003893,1084.7617821272213
1790897258,150,GET,/,5.000000,0.000000,1600,2200,2400,2500,2700,2700,2900,2900,2900,2900,2900,397,0,1300,1376.310052687636,255.41149099990434,3603.622471000108,100.75062972292191
1790897258,150,GET,/cpu,5.300000,0.000000,2000,2200,2500,2500,2700,2900,2900,2900,2900,2900,2900,395,0,1700,1683.279193387356,279.8181990001467,4043.4848910003893,46.0
1790897258,150,GET,/items,24.900000,0.000000,1900,2400,2500,2600,2700,2800,2900,3000,3100,3100,3100,1951,0,1500,1516.1841145438261,267.09384400010094,3821.6711509999186,2128.0
1790897258,150,GET,/items/[id],14.600000,0.000000,1400,2100,2300,2400,2600,2700,2800,2800,2900,2900,2900,1193,0,1400,1421.0274292229774,252.68114600021363,3875.783931999649,42.53310980720872
1790897258,150,,Aggregated,49.800000,0.000000,1700,2200,2400,2500,2700,2800,2900,2900,3100,3100,3100,3936,0,1400,1490.0028716572692,252.68114600021363,4043.4848910003893,1082.4791666666667
1790897259,150,GET,/,4.700000,0.000000,1800,2400,2500,2600,2700,2800,2800,2900,2900,2900,2900,404,0,1300,1395.70657431186,255.41149099990434,3603.622471000108,100.75247524752476
1790897259,150,GET,/cpu,5.400000,0.000000,2000,2300,2500,2500,2700,2900,2900,3000,3000,3000,3000,400,0,1700,1687.0364161725138,279.8181990001467,4043.4848910003893,46.0
1790897259,150,GET,/items,24.900000,0.000000,1900,2400,2500,2600,2800,2800,2900,3000,3100,3100,3100,1972,0,1500,1518.8674968144046,267.09384400010094,3821.6711509999186,2128.0
1790897259,150,GET,/items/[id],14.100000,0.000000,1700,2200,2300,2400,2600,2700,2800,2800,2900,2900,2900,1212,0,1400,1425.0281192112304,252.68114600021363,3875.783931999649,42.52970297029703
1790897259,150,,Aggregated,49.100000,0.000000,1800,2300,2500,2600,2700,2800,2900,2900,3100,3100,3100,3988,0,1400,1494.739419933052,252.68114600021363,4043.4848910003893,1080.006519558676
1790897260,150,GET,/,5.100000,0.000000,2100,2400,2400,2500,2700,2800,2800,2900,2900,2900,2900,411,0,1300,1404.775048880758,255.41149099990434,3603.622471000108,100.75182481751825
1790897260,150,GET,/cpu,5.400000,0.000000,2000,2300,2500,2500,2700,2900,2900,3000,3000,3000,3000,405,0,1700,1686.7666099037176,279.8181990001467,4043.4848910003893,46.0
1790897260,150,GET,/items,24.700000,0.000000,1900,2400,2500,2600,2800,2800,2900,3000,3100,3100,3100,2002,0,1500,1519.9695806318712,267.09384400010094,3821.6711509999186,2128.0
1790897260,150,GET,/items/[id],14.800000,0.000000,1700,2200,2300,2400,2600,2700,2800,2800,2900,2900,2900,1233,0,1400,1424.8859155093376,252.68114600021363,3875.783931999649,42.530413625304135
1790897260,150,,Aggregated,50.000000,0.000000,1800,2300,2400,2500,2700,2800,2900,2900,3100,3100,3100,4051,0,1400,1496.017392334982,252.68114600021363,4043.4848910003893,1079.4211305850408
1790897261,150,GET,/,5.300000,0.000000,2100,2400,2400,2400,2700,2700,2800,2800,2800,2800,2800,413,0,1300,1404.363426205791,255.41149099990434,3603.622471000108,100.74818401937046
1790897261,150,GET,/cpu,5.500000,0.000000,2000,2200,2500,2500,2700,2900,3000,3400,3400,3400,3400,410,0,1700,1692.542634048795,279.8181990001467,4043.4848910003893,46.0
1790897261,150,GET,/items,23.500000,0.000000,1900,2400,2500,2600,2800,2800,2900,2900,3100,3100,3100,2015,0,1500,1518.814616821343,267.09384400010094,3821.6711509999186,2128.0
1790897261,150,GET,/items/[id],15.100000,0.000000,1600,2200,2300,2400,2600,2700,2800,2800,2800,2800,2800,1245,0,1400,1423.3446681004127,252.68114600021363,3875.783931999649,42.5285140562249
1790897261,150,,Aggregated,49.400000,0.000000,1800,2300,2400,2500,2700,2800,2900,2900,3400,3400,3400,4083,0,1400,1495.5719176250334,252.68114600021363,4043.4848910003893,1077.9664462405094
1790897262,150,GET,/,5.500000,0.000000,2200,2400,2500,2600,2700,2800,2800,2900,2900,2900,2900,420,0,1400,1422.5364309380734,255.41149099990434,3603.622471000108,100.75238095238095
1790897262,150,GET,/cpu,5.300000,0.000000,2000,2300,2500,2500,2900,3100,3400,3400,3400,3400,3400,414,0,1700,1698.3104017053263,279.8181990001467,4043.4848910003893,46.0
1790897262,150,GET,/items,24.900000,0.000000,1300,2400,2500,2600,2800,2900,2900,3100,3300,3300,3300,2041,0,1500,1522.7115493758,267.09384400010094,3821.6711509999186,2128.0
1790897262,150,GET,/items/[id],16.100000,0.000000,1200,2100,2300,2400,2600,2700,2900,2900,3400,3400,3400,1261,0,1400,1426.8997951538572,252.68114600021363,3875.783931999649,42.52577319587629
1790897262,150,,Aggregated,51.800000,0.000000,1700,2300,2400,2500,2700,2800,2900,3100,3400,3400,3400,4136,0,1400,1500.9044297062403,252.68114600021363,4043.4848910003893,1077.909332688588
1790897263,150,GET,/,5.400000,0.000000,2200,2400,2600,2600,2700,2800,2800,2900,2900,2900,2900,422,0,1400,1426.7431879241485,255.41149099990434,3603.622471000108,100.75118483412322
1790897263,150,GET,/cpu,5.200000,0.000000,2100,2300,2500,2600,2900,3100,3400,3400,3400,3400,3400,419,0,1700,1701.2507365274587,279.8181990001467,4043.4848910003893,46.0
1790897263,150,GET,/items,23.900000,0.000000,1800,2400,2500,2600,2800,2900,2900,3100,3300,3300,3300,2059,0,1500,1528.2229401155935,267.09384400010094,3821.6711509999186,2128.0
1790897263,150,GET,/items/[id],16.100000,0.000000,1400,2100,2300,2400,2600,2700,2900,2900,3400,3400,3400,1276,0,1400,1434.7354054655293,252.68114600021363,3875.783931999649,42.52272727272727
1790897263,150,,Aggregated,50.600000,0.000000,1800,2300,2400,2500,2700,2800,2900,3100,3400,3400,3400,4176,0,1400,1506.7631932425788,252.68114600021363,4043.4848910003893,1077.0119731800767
1790897264,150,GET,/,4.800000,0.000000,2200,2400,2600,2600,2700,2800,2800,2900,2900,2900,2900,429,0,1400,1435.9614171701405,255.41149099990434,3603.622471000108,100.74825174825175
1790897264,150,GET,/cpu,5.200000,0.000000,2100,2500,2500,2600,2900,3100,3400,3400,3400,3400,3400,425,0,1700,1712.081678463542,279.8181990001467,4043.4848910003893,46.0
1790897264,150,GET,/items,23.900000,0.000000,1900,2400,2500,2600,2800,2900,2900,3100,3300,3300,3300,2082,0,1500,1534.7930756397732,267.09384400010094,3821.6711509999186,2128.0
1790897264,150,GET,/items/[id],16.300000,0.000000,1700,2100,2300,2400,2600,2700,2900,2900,3400,3400,3400,1288,0,1400,1440.1973018967508,252.68114600021363,3875.783931999649,42.524844720496894
1790897264,150,,Aggregated,50.200000,0.000000,1900,2300,2400,2500,2700,2800,2900,3100,3400,3400,3400,4224,0,1500,1513.7489274711186,252.68114600021363,4043.4848910003893,1076.713778409091
1790897265,150,GET,/,5.500000,0.000000,2200,2400,2400,2600,2700,2800,2800,2900,2900,2900,2900,435,0,1400,1444.7846843080229,255.41149099990434,3603.622471000108,100.74252873563218
1790897265,150,GET,/cpu,5.200000,0.000000,2200,2500,2500,2600,3000,3100,3400,3400,3400,3400,3400,430,0,1700,1718.8628223442004,279.8181990001467,4043.4848910003893,46.0
1790897265,150,GET,/items,23.100000,0.000000,1800,2200,2400,2500,2700,2800,2900,2900,3300,3300,3300,2115,0,1500,1538.5174842080405,267.09384400010094,3821.6711509999186,2128.0
1790897265,150,GET,/items/[id],16.400000,0.000000,1600,2100,2200,2300,2400,2700,2900,2900,3400,3400,3400,1299,0,1400,1441.4726028799187,252.68114600021363,3875.783931999649,42.52886836027714
1790897265,150,,Aggregated,50.200000,0.000000,1800,2200,2400,2400,2700,2800,2900,3100,3400,3400,3400,4279,0,1500,1517.651259996028,252.68114600021363,4043.4848910003893,1079.5905585417154
1790897266,150,GET,/,5.400000,0.000000,2300,2400,2500,2600,2800,2800,2900,2900,2900,2900,2900,437,0,1400,1447.3111553340732,255.41149099990434,3603.622471000108,100.74370709382151
1790897266,150,GET,/cpu,4.900000,0.000000,2300,2500,2600,2800,3000,3100,3400,3400,3400,3400,3400,435,0,1700,1724.5417274321985,279.8181990001467,4043.4848910003893,46.0
1790897266,150,GET,/items,24.300000,0.000000,1700,2300,2400,2500,2800,2900,2900,3000,3300,3300,3300,2133,0,1500,1540.171146784344,267.09384400010094,3821.6711509999186,2128.0
1790897266,150,GET,/items/[id],16.600000,0.000000,1400,2100,2300,2400,2600,2800,2900,3100,3400,3400,3400,1309,0,1400,1443.4825807379787,252.68114600021363,3875.783931999649,42.52788388082506
1790897266,150,,Aggregated,51.200000,0.000000,1800,2300,2400,2500,2700,2900,3000,3100,3400,3400,3400,4314,0,1500,1520.0172416761711,252.68114600021363,4043.4848910003893,1079.9091330551691
1790897267,150,GET,/,5.300000,0.000000,2300,2500,2700,2700,2900,3000,3100,3200,3200,3200,3200,446,0,1400,1457.7104592555818,255.41149099990434,3603.622471000108,100.74215246636771
1790897267,150,GET,/cpu,4.900000,0.000000,2400,2600,2800,2900,3100,3300,3400,3400,3400,3400,3400,440,0,1700,1731.2822354886512,279.8181990001467,4043.4848910003893,46.0
1790897267,150,GET,/items,23.700000,0.000000,1600,2300,2500,2600,2800,3000,3200,3200,3300,3300,3300,2173,0,1500,1536.990418771286,267.09384400010094,3821.6711509999186,2128.0
1790897267,150,GET,/items/[id],16.100000,0.000000,1400,2100,2300,2400,2700,2900,3100,3200,3400,3400,3400,1329,0,1400,1439.5370762859409,252.68114600021363,3875.783931999649,42.528969149736646
1790897267,150,,Aggregated,50.000000,0.000000,1700,2300,2500,2600,2900,3000,3200,3300,3400,3400,3400,4388,0,1400,1518.8988155918405,252.68114600021363,4043.4848910003893,1081.5487693710118
1790897268,150,GET,/,5.200000,0.000000,2300,2600,2700,2800,3000,3100,3200,3200,3200,3200,3200,450,0,1400,1465.5470348844212,255.41149099990434,3603.622471000108,100.74444444444444
1790897268,150,GET,/cpu,5.100000,0.000000,2500,2700,2900,3100,3300,3400,3400,3400,3400,3400,3400,446,0,1700,1738.868475816158,279.8181990001467,4043.4848910003893,46.0
1790897268,150,GET,/items,23.600000,0.000000,1600,2300,2500,2700,2900,3200,3300,3300,3400,3400,3400,2196,0,1500,1540.6375297923523,267.09384400010094,3821.6711509999186,2128.0
1790897268,150,GET,/items/[id],15.300000,0.000000,1500,2200,2400,2400,2900,3000,3300,3400,3500,3500,3500,1340,0,1400,1444.2901316231464,252.68114600021363,3875.783931999649,42.527611940298506
1790897268,150,,Aggregated,49.200000,0.000000,1800,2400,2600,2700,3000,3200,3300,3400,3500,3500,3500,4432,0,1400,1523.8312946098822,252.68114600021363,4043.4848910003893,1082.1132671480145
1790897269,150,GET,/,5.300000,0.000000,2300,2600,2800,2800,3000,3100,3100,3200,3200,3200,3200,461,0,1400,1482.3682813730788,255.41149099990434,3603.622471000108,100.73318872017353
1790897269,150,GET,/cpu,5.200000,0.000000,2500,2700,2900,3100,3300,3400,3400,3400,3400,3400,3400,450,0,1700,1734.079554991125,279.8181990001467,4043.4848910003893,46.0
1790897269,150,GET,/items,23.100000,0.000000,1700,2400,2700,2800,3000,3200,3300,3300,3400,3400,3400,2233,0,1500,1546.0779170729982,267.09384400010094,3821.6711509999186,2128.0
1790897269,150,GET,/items/[id],15.600000,0.000000,1500,2100,2400,2700,2900,3100,3300,3400,3500,3500,3500,1354,0,1400,1448.1804428892294,252.68114600021363,3875.783931999649,42.528064992614475
1790897269,150,,Aggregated,49.200000,0.000000,1900,2400,2700,2800,3000,3200,3300,3400,3500,3500,3500,4498,0,1500,1528.8874802034222,252.68114600021363,4043.4848910003893,1084.1585148955091
1790897270,150,GET,/,5.200000,0.000000,2200,2600,2800,2800,3000,3100,3100,3200,3200,3200,3200,469,0,1400,1486.200091338996,255.41149099990434,3603.622471000108,100.72921108742004
1790897270,150,GET,/cpu,5.000000,0.000000,2300,2700,2900,3100,3300,3400,3400,3400,3400,3400,3400,455,0,1700,1730.835253881332,279.8181990001467,4043.4848910003893,46.0
1790897270,150,GET,/items,24.000000,0.000000,1800,2300,2700,2800,3000,3200,3300,3300,3400,3400,3400,2249,0,1500,1547.777163564698,267.09384400010094,3821.6711509999186,2128.0
1790897270,150,GET,/items/[id],15.000000,0.000000,1700,2100,2500,2700,2900,3100,3300,3400,3500,3500,3500,1360,0,1400,1449.0769248853062,252.68114600021363,3875.783931999649,42.53014705882353
1790897270,150,,Aggregated,49.200000,0.000000,2000,2400,2700,2800,3000,3200,3300,3400,3500,3500,3500,4533,0,1500,1530.1683966589442,252.68114600021363,4043.4848910003893,1083.5837193911318
1790897271,150,GET,/,5.100000,0.000000,2200,2600,2700,2800,2900,3100,3100,3200,3200,3200,3200,475,0,1400,1487.7009284841865,255.41149099990434,3603.622471000108,100.72842105263157
1790897271,150,GET,/cpu,5.000000,0.000000,2300,2600,2900,2900,3200,3400,3400,3400,3400,3400,3400,462,0,1700,1731.5736239394066,279.8181990001467,4043.4848910003893,46.0
1790897271,150,GET,/items,25.200000,0.000000,1900,2300,2700,2800,3000,3200,3300,3300,3400,3400,3400,2269,0,1500,1550.4560446804785,267.09384400010094,3821.6711509999186,2128.0
1790897271,150,GET,/items/[id],14.200000,0.000000,1900,2100,2300,2600,2900,3100,3300,3300,3500,3500,3500,1371,0,1400,1451.4777499781308,252.68114600021363,3875.783931999649,42.52954048140044
1790897271,150,,Aggregated,49.500000,0.000000,2000,2300,2700,2800,3000,3200,3300,3400,3500,3500,3500,4577,0,1500,1532.5771719226557,252.68114600021363,4043.4848910003893,1082.7699366397203
1790897272,150,GET,/,5.700000,0.000000,2100,2400,2700,2800,3000,3100,3100,3200,3200,3200,3200,480,0,1400,1493.6173652645593,255.41149099990434,3603.622471000108,100.72916666666667
1790897272,150,GET,/cpu,5.000000,0.000000,2300,2500,2700,2900,3100,3300,3400,3400,3400,3400,3400,469,0,1700,1737.0312360447897,279.8181990001467,4043.4848910003893,46.0
1790897272,150,GET,/items,25.200000,0.000000,1800,2200,2500,2700,3000,3200,3300,3300,3400,3400,3400,2283,0,1500,1552.6201193136253,267.09384400010094,3821.6711509999186,2128.0
1790897272,150,GET,/items/[id],13.200000,0.000000,1900,2100,2300,2700,2900,3000,3300,3300,3500,3500,3500,1389,0,1400,1458.6689380108119,252.68114600021363,3875.783931999649,42.53419726421886
1790897272,150,,Aggregated,49.100000,0.000000,2000,2300,2600,2700,2900,3100,3300,3400,3500,3500,3500,4621,0,1500,1536.9675118636646,252.68114600021363,4043.4848910003893,1079.2529755464186
1790897273,150,GET,/,5.800000,0.000000,2100,2500,2700,2800,2900,3100,3100,3200,3200,3200,3200,490,0,1400,1505.787534150998,255.41149099990434,3603.622471000108,100.73061224489796
1790897273,150,GET,/cpu,5.300000,0.000000,2300,2600,2800,2900,3100,3300,3400,3400,3400,3400,3400,475,0,1700,1742.1785101473806,279.8181990001467,4043.4848910003893,46.0
1790897273,150,GET,/items,24.000000,0.000000,1700,2300,2700,2800,3000,3200,3300,3300,3400,3400,3400,2314,0,1500,1559.6569720872976,267.09384400010094,3821.6711509999186,2128.0
1790897273,150,GET,/items/[id],12.100000,0.000000,1700,2100,2500,2700,2900,3000,3300,3300,3500,3500,3500,1411,0,1400,1463.022067866064,252.68114600021363,3875.783931999649,42.529411764705884
1790897273,150,,Aggregated,47.200000,0.000000,1900,2400,2700,2800,2900,3100,3300,3400,3500,3500,3500,4690,0,1500,1543.441589599785,252.68114600021363,4043.4848910003893,1077.9123667377398
1790897274,150,GET,/,6.100000,0.000000,2100,2500,2700,2800,2900,3100,3100,3200,3200,3200,3200,492,0,1400,1502.0422679085136,255.41149099990434,3603.622471000108,100.72967479674797
1790897274,150,GET,/cpu,5.200000,0.000000,2100,2500,2800,2900,3100,3300,3400,3400,3400,3400,3400,479,0,1700,1739.2824587181756,279.8181990001467,4043.4848910003893,46.0
1790897274,150,GET,/items,24.400000,0.000000,1600,2300,2600,2800,2900,3200,3200,3300,3400,3400,3400,2347,0,1500,1557.1711324989378,267.09384400010094,3821.6711509999186,2128.0
1790897274,150,GET,/items/[id],12.300000,0.000000,1600,2100,2400,2700,2900,3000,3300,3300,3500,3500,3500,1428,0,1400,1458.8997492696194,252.68114600021363,3875.783931999649,42.52801120448179
1790897274,150,,Aggregated,48.000000,0.000000,1700,2300,2600,2800,2900,3100,3300,3300,3500,3500,3500,4746,0,1500,1540.2677167022741,252.68114600021363,4043.4848910003893,1080.223135271808
1790897275,150,GET,/,5.800000,0.000000,2000,2500,2700,2800,2900,3100,3100,3200,3200,3200,3200,498,0,1400,1495.503897158613,255.41149099990434,3603.622471000108,100.73092369477912
1790897275,150,GET,/cpu,5.500000,0.000000,2000,2400,2700,2900,3200,3300,3400,3400,3400,3400,3400,482,0,1700,1738.5660327531255,279.8181990001467,4043.4848910003893,46.0
1790897275,150,GET,/items,23.800000,0.000000,1500,2200,2500,2600,2900,3100,3200,3300,3400,3400,3400,2383,0,1500,1551.493078463704,267.09384400010094,3821.6711509999186,2128.0
1790897275,150,GET,/items/[id],12.300000,0.000000,1400,2000,2200,2400,2800,2900,3200,3300,3500,3500,3500,1460,0,1400,1450.4044862130254,252.68114600021363,3875.783931999649,42.526712328767125
1790897275,150,,Aggregated,47.400000,0.000000,1600,2200,2500,2700,2900,3100,3300,3300,3500,3500,3500,4823,0,1500,1533.8064118643993,252.68114600021363,4043.4848910003893,1079.2969106365333
1790897276,150,GET,/,6.700000,0.000000,1900,2200,2600,2700,2900,3100,3100,3200,3200,3200,3200,503,0,1400,1490.7522132127017,255.41149099990434,3603.622471000108,100.72962226640159
1790897276,150,GET,/cpu,5.500000,0.000000,1700,2300,2500,2700,3000,3300,3400,3400,3400,3400,3400,489,0,1700,1730.5086504601372,279.8181990001467,4043.4848910003893,46.0
1790897276,150,GET,/items,25.900000,0.000000,1500,2100,2400,2600,2900,3100,3200,3300,3400,3400,3400,2408,0,1500,1548.144004091366,267.09384400010094,3821.6711509999186,2128.0
1790897276,150,GET,/items/[id],13.700000,0.000000,1400,1900,2100,2300,2700,2900,3200,3300,3500,3500,3500,1477,0,1400,1445.7790060237087,252.68114600021363,3875.783931999649,42.528097494922136
1790897276,150,,Aggregated,51.800000,0.000000,1500,2100,2300,2500,2800,3100,3300,3300,3500,3500,3500,4877,0,1500,1529.5086009985637,252.68114600021363,4043.4848910003893,1078.5726881279475
1790897277,150,GET,/,6.300000,0.000000,1900,2200,2500,2700,2800,2900,3100,3100,3100,3100,3100,503,0,1400,1490.7522132127017,255.41149099990434,3603.622471000108,100.72962226640159
1790897277,150,GET,/cpu,5.500000,0.000000,1600,2000,2300,2400,2800,3000,3200,3400,3400,3400,3400,496,0,1700,1726.211645510096,279.8181990001467,4043.4848910003893,46.0
1790897277,150,GET,/items,27.100000,0.000000,1600,2100,2300,2500,2800,3000,3200,3300,3400,3400,3400,2429,0,1500,1547.1765742713085,267.09384400010094,3821.6711509999186,2128.0
1790897277,150,GET,/items/[id],14.400000,0.000000,1400,1800,2100,2200,2700,2800,2900,3300,3500,3500,3500,1496,0,1400,1444.1809904966708,252.68114600021363,3875.783931999649,42.52807486631016
1790897277,150,,Aggregated,53.300000,0.000000,1500,2000,2300,2400,2800,2900,3200,3300,3500,3500,3500,4924,0,1500,1528.1551584295287,252.68114600021363,4043.4848910003893,1077.5826563769294
1790897278,150,GET,/,6.400000,0.000000,1500,2000,2200,2500,2700,2800,2900,2900,2900,2900,2900,511,0,1400,1486.603465266122,255.41149099990434,3603.622471000108,100.73189823874755
1790897278,150,GET,/cpu,5.100000,0.000000,1600,1800,2200,2300,2500,2800,2900,3000,3000,3000,3000,499,0,1700,1724.2104191843837,279.8181990001467,4043.4848910003893,46.0
1790897278,150,GET,/items,26.300000,0.000000,1400,1700,2100,2200,2500,2800,2900,2900,3000,3000,3000,2478,0,1500,1542.5617150782925,267.09384400010094,3821.6711509999186,2128.0
1790897278,150,GET,/items/[id],16.100000,0.000000,1200,1600,1900,2100,2400,2700,2800,2900,2900,2900,2900,1521,0,1400,1437.0310151696374,252.68114600021363,3875.783931999649,42.52596975673899
1790897278,150,,Aggregated,53.900000,0.000000,1400,1700,2000,2200,2500,2800,2900,2900,3000,3000,3000,5009,0,1400,1522.904267111399,252.68114600021363,4043.4848910003893,1080.513875024955
1790897279,150,GET,/,6.300000,0.000000,1400,1500,2000,2100,2600,2700,2800,2900,2900,2900,2900,515,0,1400,1480.9296470737636,255.41149099990434,3603.622471000108,100.73203883495145
1790897279,150,GET,/cpu,5.200000,0.000000,1600,1800,2200,2300,2500,2800,2800,2900,2900,2900,2900,503,0,1700,1718.8069547813286,279.8181990001467,4043.4848910003893,46.0
1790897279,150,GET,/items,26.000000,0.000000,1300,1600,1700,2100,2400,2600,2800,2900,2900,2900,2900,2516,0,1500,1532.7329099475405,267.09384400010094,3821.6711509999186,2128.0
1790897279,150,GET,/items/[id],16.400000,0.000000,1200,1500,1700,1900,2200,2600,2800,2800,2800,2800,2800,1536,0,1400,1431.9194683352996,252.68114600021363,3875.783931999649,42.526041666666664
1790897279,150,,Aggregated,53.900000,0.000000,1300,1600,1800,2000,2300,2700,2800,2800,2900,2900,2900,5070,0,1400,1515.3891462108472,252.68114600021363,4043.4848910003893,1083.7047337278107
1790897280,150,GET,/,6.000000,0.000000,1200,1500,1800,2200,2700,2700,2900,2900,2900,2900,2900,517,0,1400,1478.2322547059728,255.41149099990434,3603.622471000108,100.73307543520309
1790897280,150,GET,/cpu,5.600000,0.000000,1500,1700,1800,2100,2500,2800,2800,2900,2900,2900,2900,509,0,1700,1712.6948083143582,279.8181990001467,4043.4848910003893,46.0
1790897280,150,GET,/items,26.100000,0.000000,1200,1500,1700,1800,2300,2600,2800,2900,2900,2900,2900,2539,0,1400,1527.2574929673142,267.09384400010094,3821.6711509999186,2128.0
1790897280,150,GET,/items/[id],16.900000,0.000000,1200,1500,1700,1800,2200,2600,2800,2800,2800,2800,2800,1545,0,1300,1429.2740151404666,252.68114600021363,3875.783931999649,42.52880258899676
1790897280,150,,Aggregated,54.600000,0.000000,1200,1500,1700,1800,2300,2700,2800,2800,2900,2900,2900,5110,0,1400,1511.1434170549899,252.68114600021363,4043.4848910003893,1084.9690802348337
1790897281,150,GET,/,6.100000,0.000000,1200,1500,1600,1800,2700,2700,2900,2900,2900,2900,2900,522,0,1400,1476.1978322700916,255.41149099990434,3603.622471000108,100.73371647509579
1790897281,150,GET,/cpu,5.200000,0.000000,1500,1600,1800,1900,2300,2800,2800,2900,2900,2900,2900,515,0,1700,1710.3556728252588,279.8181990001467,4043.4848910003893,46.0
1790897281,150,GET,/items,27.800000,0.000000,1200,1500,1700,1700,2200,2600,2800,2900,2900,2900,2900,2567,0,1400,1526.0112859217022,267.09384400010094,3821.6711509999186,2128.0
1790897281,150,GET,/items/[id],18.400000,0.000000,1100,1400,1600,1700,2000,2600,2800,2800,2800,2800,2800,1569,0,1300,1428.5554550006495,252.68114600021363,3875.783931999649,42.52899936265137
1790897281,150,,Aggregated,57.500000,0.000000,1200,1500,1700,1800,2200,2600,2800,2800,2900,2900,2900,5173,0,1400,1509.7782562936397,252.68114600021363,4043.4848910003893,1083.6220761647014
1790897282,150,GET,/,5.100000,0.000000,1100,1400,1500,1600,2500,2700,2700,2700,2700,2700,2700,522,0,1400,1476.1978322700916,255.41149099990434,3603.622471000108,100.73371647509579
1790897282,150,GET,/cpu,5.300000,0.000000,1400,1600,1800,1900,2200,2700,2800,2800,2800,2800,2800,522,0,1700,1708.03719243105,279.8181990001467,4043.4848910003893,46.0
1790897282,150,GET,/items,28.400000,0.000000,1200,1500,1700,1800,2100,2400,2800,2800,2900,2900,2900,2593,0,1400,1527.2118588299302,267.09384400010094,3821.6711509999186,2128.0
1790897282,150,GET,/items/[id],18.300000,0.000000,1100,1400,1600,1700,2000,2100,2700,2700,2800,2800,2800,1581,0,1300,1429.3467639683868,252.68114600021363,3875.783931999649,42.527514231499055
1790897282,150,,Aggregated,57.100000,0.000000,1200,1500,1700,1800,2100,2400,2700,2800,2900,2900,2900,5218,0,1400,1510.545854096205,252.68114600021363,4043.4848910003893,1085.0392870831736
1790897283,150,GET,/,4.700000,0.000000,1100,1200,1400,1400,1600,1800,2000,2000,2000,2000,2000,527,0,1400,1473.2960682884018,255.41149099990434,3603.622471000108,100.73434535104364
1790897283,150,GET,/cpu,5.300000,0.000000,1400,1600,1600,1800,2000,2200,2300,2300,2300,2300,2300,528,0,1600,1706.9587323522896,279.8181990001467,4043.4848910003893,46.0
1790897283,150,GET,/items,29.300000,0.000000,1200,1500,1700,1800,2000,2100,2200,2300,2400,2400,2400,2625,0,1500,1530.3238550586702,267.09384400010094,3821.6711509999186,2128.0
1790897283,150,GET,/items/[id],19.100000,0.000000,1100,1400,1600,1700,1900,2000,2100,2200,2300,2300,2300,1598,0,1400,1429.984183068222,252.68114600021363,3875.783931999649,42.53254067584481
1790897283,150,,Aggregated,58.400000,0.000000,1200,1500,1700,1700,2000,2100,2200,2300,2400,2400,2400,5278,0,1400,1511.920440079954,252.68114600021363,4043.4848910003893,1085.8927624100038
1790897284,150,GET,/,4.700000,0.000000,1100,1300,1500,1500,1800,1900,2000,2000,2000,2000,2000,533,0,1400,1472.1256443526988,255.41149099990434,3603.622471000108,100.73733583489681
1790897284,150,GET,/cpu,5.400000,0.000000,1300,1600,1600,1800,1900,2200,2300,2300,2300,2300,2300,534,0,1600,1703.3500099812914,279.8181990001467,4043.4848910003893,46.0
1790897284,150,GET,/items,29.700000,0.000000,1300,1600,1700,1800,2000,2100,2200,2200,2400,2400,2400,2655,0,1500,1531.4093112090434,267.09384400010094,3821.6711509999186,2128.0
1790897284,150,GET,/items/[id],19.800000,0.000000,1100,1300,1600,1700,1900,2000,2100,2200,2300,2300,2300,1612,0,1400,1429.6222973312765,252.68114600021363,3875.783931999649,42.53225806451613
1790897284,150,,Aggregated,59.600000,0.000000,1200,1500,1700,1700,2000,2100,2200,2200,2400,2400,2400,5334,0,1400,1511.9375212463442,252.68114600021363,4043.4848910003893,1086.7377202849643
1790897285,150,GET,/,4.300000,0.000000,1100,1500,1600,1800,2200,2400,2400,2400,2400,2400,2400,539,0,1400,1479.0819917699237,255.41149099990434,3603.622471000108,100.73469387755102
1790897285,150,GET,/cpu,5.300000,0.000000,1300,1600,1600,1800,2000,2300,2300,2600,2600,2600,2600,539,0,1600,1702.0878995788673,279.8181990001467,4043.4848910003893,46.0
1790897285,150,GET,/items,31.000000,0.000000,1300,1600,1800,1900,2100,2200,2300,2400,2400,2400,2400,2672,0,1500,1532.3537135082374,267.09384400010094,3821.6711509999186,2128.0
1790897285,150,GET,/items/[id],19.200000,0.000000,1200,1400,1700,1700,2000,2200,2300,2300,2800,2800,2800,1629,0,1400,1430.781505930029,252.68114600021363,3875.783931999649,42.53468385512584
1790897285,150,,Aggregated,59.800000,0.000000,1200,1600,1700,1900,2000,2200,2300,2400,2800,2800,2800,5379,0,1400,1513.263202656814,252.68114600021363,4043.4848910003893,1084.6616471463096
1790897286,150,GET,/,3.700000,0.000000,1300,1600,1800,2000,2400,2500,2800,2800,2800,2800,2800,544,0,1400,1486.3064226157885,255.41149099990434,3603.622471000108,100.73529411764706
1790897286,150,GET,/cpu,5.300000,0.000000,1400,1600,1900,1900,2300,2600,2800,2800,2800,2800,2800,544,0,1600,1706.7718204559005,279.8181990001467,4043.4848910003893,46.0
1790897286,150,GET,/items,29.900000,0.000000,1300,1700,1900,2000,2200,2400,2800,2800,2900,2900,2900,2690,0,1500,1537.373751895171,267.09384400010094,3821.6711509999186,2128.0
1790897286,150,GET,/items/[id],18.100000,0.000000,1200,1600,1700,1900,2100,2300,2600,2700,2800,2800,2800,1636,0,1400,1434.3031379633355,252.68114600021363,3875.783931999649,42.53361858190709
1790897286,150,,Aggregated,57.000000,0.000000,1300,1700,1900,2000,2200,2400,2700,2800,2900,2900,2900,5414,0,1400,1518.117822411711,252.68114600021363,4043.4848910003893,1084.9148503878832
1790897287,150,GET,/,4.000000,0.000000,1600,1900,2200,2300,2500,2600,2800,2800,2800,2800,2800,553,0,1400,1496.020175730541,255.41149099990434,3603.622471000108,100.7377938517179
1790897287,150,GET,/cpu,5.400000,0.000000,1400,1900,2000,2000,2400,2600,2800,2800,2800,2800,2800,549,0,1600,1710.1424502349903,279.8181990001467,4043.4848910003893,46.0
1790897287,150,GET,/items,29.600000,0.000000,1400,1900,2000,2100,2300,2400,2800,2800,2900,2900,2900,2723,0,1500,1544.1223304366545,267.09384400010094,3821.6711509999186,2128.0
1790897287,150,GET,/items/[id],18.000000,0.000000,1300,1700,1800,1900,2200,2300,2600,2700,2800,2800,2800,1657,0,1400,1439.755114302364,252.68114600021363,3875.783931999649,42.536511768255885
1790897287,150,,Aggregated,57.000000,0.000000,1400,1800,2000,2100,2300,2500,2800,2800,2900,2900,2900,5482,0,1500,1524.3499986384534,252.68114600021363,4043.4848910003893,1084.6386355344764
1790897288,150,GET,/,4.000000,0.000000,1800,2000,2200,2300,2500,2600,2800,2800,2800,2800,2800,557,0,1400,1496.7061184739473,255.41149099990434,3603.622471000108,100.73967684021544
1790897288,150,GET,/cpu,5.600000,0.000000,1400,1900,2000,2200,2400,2600,2800,2800,2800,2800,2800,554,0,1600,1706.7014237761914,279.8181990001467,4043.4848910003893,46.0
1790897288,150,GET,/items,29.000000,0.000000,1700,2000,2100,2100,2300,2600,2800,2800,2900,2900,2900,2747,0,1500,1544.4366718922495,267.09384400010094,3821.6711509999186,2128.0
1790897288,150,GET,/items/[id],16.600000,0.000000,1600,1800,2000,2000,2300,2300,2700,2700,2800,2800,2800,1664,0,1400,1441.6922001694822,252.68114600021363,3875.783931999649,42.53846153846154
1790897288,150,,Aggregated,55.200000,0.000000,1600,1900,2000,2100,2300,2500,2800,2800,2900,2900,2900,5522,0,1500,1524.940466412894,252.68114600021363,4043.4848910003893,1086.1999275624773
1790897289,150,GET,/,4.100000,0.000000,1800,2000,2200,2300,2500,2600,2800,2800,2800,2800,2800,561,0,1400,1491.5968089072892,255.41149099990434,3603.622471000108,100.7397504456328
1790897289,150,GET,/cpu,5.600000,0.000000,1600,2000,2200,2300,2600,2800,2900,2900,2900,2900,2900,561,0,1600,1710.9374887486815,279.8181990001467,4043.4848910003893,46.0
1790897289,150,GET,/items,28.200000,0.000000,1900,2000,2100,2200,2400,2700,2800,2800,3000,3000,3000,2767,0,1500,1543.84962755584,267.09384400010094,3821.6711509999186,2128.0
1790897289,150,GET,/items/[id],15.600000,0.000000,1700,1800,2000,2000,2300,2300,2700,2700,2800,2800,2800,1671,0,1400,1440.7787252902567,252.68114600021363,3875.783931999649,42.535008976660684
1790897289,150,,Aggregated,53.500000,0.000000,1700,2000,2100,2200,2400,2600,2800,2800,3000,3000,3000,5560,0,1400,1524.4595162575545,252.68114600021363,4043.4848910003893,1086.6138489208633
1790897290,150,GET,/,4.800000,0.000000,1800,2100,2300,2300,2500,2700,2800,2800,2800,2800,2800,567,0,1400,1495.2200929735252,255.41149099990434,3603.622471000108,100.74074074074075
1790897290,150,GET,/cpu,5.200000,0.000000,1600,2000,2300,2400,2800,2900,2900,2900,2900,2900,2900,566,0,1700,1714.5337354664487,279.8181990001467,4043.4848910003893,46.0
1790897290,150,GET,/items,28.800000,0.000000,1900,2100,2200,2300,2600,2700,2900,2900,3000,3000,3000,2789,0,1500,1548.9129905959173,267.09384400010094,3821.6711509999186,2128.0
1790897290,150,GET,/items/[id],15.700000,0.000000,1700,1900,2000,2100,2300,2500,2700,2800,2800,2800,2800,1681,0,1400,1442.9621897662214,252.68114600021363,3875.783931999649,42.53301606186793
1790897290,150,,Aggregated,54.500000,0.000000,1800,2000,2200,2300,2500,2700,2800,2900,3000,3000,3000,5603,0,1500,1528.4229267819014,252.68114600021363,4043.4848910003893,1086.8545422095306
1790897291,150,GET,/,4.500000,0.000000,1900,2200,2400,2400,2700,2800,2800,2800,2800,2800,2800,574,0,1400,1506.342923207296,255.41149099990434,3603.622471000108,100.7439024390244
1790897291,150,GET,/cpu,5.600000,0.000000,2000,2300,2500,2600,2900,2900,2900,3000,3000,3000,3000,573,0,1700,1724.1220215567355,279.8181990001467,4043.4848910003893,46.0
1790897291,150,GET,/items,26.400000,0.000000,2000,2100,2300,2400,2700,2800,2900,3000,3300,3300,3300,2804,0,1500,1553.8317530092766,267.09384400010094,3821.6711509999186,2128.0
1790897291,150,GET,/items/[id],14.000000,0.000000,1800,2000,2200,2300,2500,2700,2800,2800,2800,2800,2800,1690,0,1400,1447.9774071402476,252.68114600021363,3875.783931999649,42.53076923076923
1790897291,150,,Aggregated,50.500000,0.000000,2000,2100,2300,2400,2700,2800,2900,2900,3300,3300,3300,5641,0,1500,1534.5840825701102,252.68114600021363,4043.4848910003893,1085.44123382379
1790897292,150,GET,/,4.700000,0.000000,1900,2200,2300,2400,2700,2700,2800,2800,2800,2800,2800,591,0,1500,1516.9661419322981,255.41149099990434,3603.622471000108,100.74280879864637
1790897292,150,GET,/cpu,5.700000,0.000000,2000,2300,2600,2600,2900,2900,2900,3000,3000,3000,3000,576,0,1700,1727.9660145034889,279.8181990001467,4043.4848910003893,46.0
1790897292,150,GET,/items,24.900000,0.000000,2000,2200,2300,2400,2700,2800,2900,3000,3300,3300,3300,2850,0,1500,1560.41020122632,267.09384400010094,3821.6711509999186,2128.0
1790897292,150,GET,/items/[id],13.500000,0.000000,1800,2000,2200,2300,2500,2600,2800,2800,2800,2800,2800,1712,0,1400,1451.7372155741919,252.68114600021363,3875.783931999649,42.53154205607477
1790897292,150,,Aggregated,48.800000,0.000000,2000,2200,2300,2400,2700,2800,2900,2900,3300,3300,3300,5729,0,1500,1540.2999826835387,252.68114600021363,4043.4848910003893,1086.341246290801
1790897293,150,GET,/,5.100000,0.000000,1900,2200,2300,2400,2700,2700,2800,2800,2800,2800,2800,596,0,1500,1512.8946075134022,255.41149099990434,3603.622471000108,100.74328859060402
1790897293,150,GET,/cpu,5.600000,0.000000,2000,2400,2600,2600,2900,2900,2900,3000,3000,3000,3000,580,0,1700,1723.0438848310514,279.8181990001467,4043.4848910003893,46.0
1790897293,150,GET,/items,24.800000,0.000000,1900,2200,2300,2400,2700,2800,2900,3000,3300,3300,3300,2887,0,1500,1555.6724772687946,267.09384400010094,3821.6711509999186,2128.0
1790897293,150,GET,/items/[id],13.000000,0.000000,1800,2000,2200,2300,2500,2600,2800,2800,2800,2800,2800,1727,0,1400,1447.3495667643408,252.68114600021363,3875.783931999649,42.53097857556456
1790897293,150,,Aggregated,48.500000,0.000000,1900,2200,2300,2400,2700,2800,2900,2900,3300,3300,3300,5790,0,1500,1535.7253511151978,252.68114600021363,4043.4848910003893,1088.7236614853196
1790897294,150,GET,/,5.500000,0.000000,2000,2300,2400,2400,2700,2700,2800,2800,2800,2800,2800,597,0,1500,1512.611593673346,255.41149099990434,3603.622471000108,100.74371859296483
1790897294,150,GET,/cpu,5.700000,0.000000,2000,2400,2600,2600,2900,2900,2900,3000,3000,3000,3000,585,0,1700,1718.2293931829238,279.8181990001467,4043.4848910003893,46.0
1790897294,150,GET,/items,23.500000,0.000000,1800,2200,2300,2400,2700,2800,2900,3000,3300,3300,3300,2908,0,1500,1551.5618095760012,267.09384400010094,3821.6711509999186,2128.0
1790897294,150,GET,/items/[id],12.000000,0.000000,1600,2000,2200,2300,2500,2600,2800,2800,2800,2800,2800,1740,0,1400,1444.413999055757,252.68114600021363,3875.783931999649,42.530459770114945
1790897294,150,,Aggregated,46.700000,0.000000,1800,2200,2300,2400,2700,2800,2900,2900,3300,3300,3300,5830,0,1500,1532.3182533514582,252.68114600021363,4043.4848910003893,1089.0704974271011
1790897295,150,GET,/,6.900000,0.000000,1800,2100,2300,2400,2700,2700,2800,2800,2800,2800,2800,604,0,1500,1509.8894629370652,255.41149099990434,3603.622471000108,100.74668874172185
1790897295,150,GET,/cpu,5.300000,0.000000,1700,2300,2600,2600,2900,2900,2900,3000,3000,3000,3000,590,0,1600,1713.2662206779835,279.8181990001467,4043.4848910003893,46.0
1790897295,150,GET,/items,25.400000,0.000000,1700,2100,2300,2400,2700,2800,2900,3000,3300,3300,3300,2935,0,1500,1549.203311349578,267.09384400010094,3821.6711509999186,2128.0
1790897295,150,GET,/items/[id],13.000000,0.000000,1600,1800,2100,2200,2500,2600,2800,2800,2800,2800,2800,1754,0,1400,1443.7214141602146,252.68114600021363,3875.783931999649,42.53078677309008
1790897295,150,,Aggregated,50.600000,0.000000,1700,2000,2300,2400,2700,2800,2900,2900,3300,3300,3300,5883,0,1500,1530.1715765871156,252.68114600021363,4043.4848910003893,1089.2860785313615
1790897296,150,GET,/,6.800000,0.000000,1800,2100,2300,2300,2500,2700,2800,2800,2800,2800,2800,610,0,1500,1509.6763004753893,255.41149099990434,3603.622471000108,100.74754098360656
1790897296,150,GET,/cpu,5.200000,0.000000,1700,2200,2400,2600,2900,2900,3000,3000,3000,3000,3000,595,0,1600,1710.6343651949742,279.8181990001467,4043.4848910003893,46.0
1790897296,150,GET,/items,26.400000,0.000000,1700,2000,2200,2300,2500,2700,2900,3000,3300,3300,3300,2965,0,1500,1547.4565480833091,267.09384400010094,3821.6711509999186,2128.0
1790897296,150,GET,/items/[id],12.900000,0.000000,1600,1800,2000,2100,2300,2500,2800,2800,2800,2800,2800,1777,0,1400,1442.6044754862216,252.68114600021363,3875.783931999649,42.53348339898706
1790897296,150,,Aggregated,51.300000,0.000000,1700,2000,2100,2300,2500,2700,2900,2900,3300,3300,3300,5947,0,1500,1528.5768973578283,252.68114600021363,4043.4848910003893,1088.604002017824
1790897297,150,GET,/,6.400000,0.000000,1600,2000,2100,2300,2500,2700,2800,2800,2800,2800,2800,615,0,1500,1509.940030695915,255.41149099990434,3603.622471000108,100.74471544715448
1790897297,150,GET,/cpu,5.100000,0.000000,1600,2300,2500,2600,2900,2900,2900,3000,3000,3000,3000,601,0,1600,1712.0451397121637,279.8181990001467,4043.4848910003893,46.0
1790897297,150,GET,/items,25.700000,0.000000,1600,1900,2100,2200,2600,2700,2900,3000,3300,3300,3300,2992,0,1500,1542.875406388374,267.09384400010094,3821.6711509999186,2128.0
1790897297,150,GET,/items/[id],12.600000,0.000000,1500,1900,2000,2200,2300,2500,2800,2800,2800,2800,2800,1798,0,1400,1438.7782211251488,252.68114600021363,3875.783931999649,42.53448275862069
1790897297,150,,Aggregated,49.800000,0.000000,1600,1900,2100,2300,2500,2700,2900,2900,3300,3300,3300,6006,0,1500,1525.2678497072934,252.68114600021363,4043.4848910003893,1087.7550782550782
1790897298,150,GET,/,6.500000,0.000000,1600,2000,2200,2300,2600,2700,2800,2900,2900,2900,2900,620,0,1500,1507.8152490644964,255.41149099990434,3603.622471000108,100.74516129032259
1790897298,150,GET,/cpu,5.300000,0.000000,1700,2400,2600,2600,2900,2900,2900,3000,3000,3000,3000,606,0,1600,1713.915850443912,279.8181990001467,4043.4848910003893,46.0
1790897298,150,GET,/items,26.300000,0.000000,1500,1900,2200,2300,2700,2800,2900,3000,3300,3300,3300,3017,0,1500,1542.8411103626163,267.09384400010094,3821.6711509999186,2128.0
1790897298,150,GET,/items/[id],12.600000,0.000000,1400,1800,2100,2200,2500,2600,2800,2800,2900,2900,2900,1818,0,1400,1438.3314411666768,252.68114600021363,3875.783931999649,42.53465346534654
1790897298,150,,Aggregated,50.700000,0.000000,1500,1900,2200,2300,2600,2800,2900,2900,3300,3300,3300,6061,0,1500,1525.0151212331314,252.68114600021363,4043.4848910003893,1086.923279986801
